Time,Total Pedestrians,Mean Speed,Waiting Pedestrians,Average Route Time,Throughput,Max Pedestrian Density,Max Density Lane,Max Waiting Time,Total Distance Traveled,Average Distance
00:00:00,0,0,0,0,0,0,,0,0,0
00:01:00,0,0,0,0,0,0,,0,0,0
00:02:00,0,0,0,0,0,0,,0,0,0
00:03:00,0,0,0,0,0,0,,0,0,0
00:04:00,0,0,0,0,0,0,,0,0,0
00:05:00,0,0,0,0,0,0,,0,0,0
00:06:00,0,0,0,0,0,0,,0,0,0
00:07:00,0,0,0,0,0,0,,0,0,0
00:08:00,0,0,0,0,0,0,,0,0,0
00:09:00,0,0,0,0,0,0,,0,0,0
00:10:00,0,0,0,0,0,0,,0,0,0
00:11:00,0,0,0,0,0,0,,0,0,0
00:12:00,0,0,0,0,0,0,,0,0,0
00:13:00,0,0,0,0,0,0,,0,0,0
00:14:00,0,0,0,0,0,0,,0,0,0
00:15:00,0,0,0,0,0,0,,0,0,0
00:16:00,0,0,0,0,0,0,,0,0,0
00:17:00,0,0,0,0,0,0,,0,0,0
00:18:00,0,0,0,0,0,0,,0,0,0
00:19:00,0,0,0,0,0,0,,0,0,0
00:20:00,0,0,0,0,0,0,,0,0,0
00:21:00,0,0,0,0,0,0,,0,0,0
00:22:00,0,0,0,0,0,0,,0,0,0
00:23:00,0,0,0,0,0,0,,0,0,0
00:24:00,0,0,0,0,0,0,,0,0,0
00:25:00,0,0,0,0,0,0,,0,0,0
00:26:00,0,0,0,0,0,0,,0,0,0
00:27:00,0,0,0,0,0,0,,0,0,0
00:28:00,0,0,0,0,0,0,,0,0,0
00:29:00,0,0,0,0,0,0,,0,0,0
00:30:00,0,0,0,0,0,0,,0,0,0
00:31:00,0,0,0,0,0,0,,0,0,0
00:32:00,0,0,0,0,0,0,,0,0,0
00:33:00,0,0,0,0,0,0,,0,0,0
00:34:00,0,0,0,0,0,0,,0,0,0
00:35:00,0,0,0,0,0,0,,0,0,0
00:36:00,0,0,0,0,0,0,,0,0,0
00:37:00,0,0,0,0,0,0,,0,0,0
00:38:00,0,0,0,0,0,0,,0,0,0
00:39:00,0,0,0,0,0,0,,0,0,0
00:40:00,0,0,0,0,0,0,,0,0,0
00:41:00,0,0,0,0,0,0,,0,0,0
00:42:00,0,0,0,0,0,0,,0,0,0
00:43:00,0,0,0,0,0,0,,0,0,0
00:44:00,0,0,0,0,0,0,,0,0,0
00:45:00,0,0,0,0,0,0,,0,0,0
00:46:00,0,0,0,0,0,0,,0,0,0
00:47:00,0,0,0,0,0,0,,0,0,0
00:48:00,0,0,0,0,0,0,,0,0,0
00:49:00,0,0,0,0,0,0,,0,0,0
00:50:00,0,0,0,0,0,0,,0,0,0
00:51:00,0,0,0,0,0,0,,0,0,0
00:52:00,0,0,0,0,0,0,,0,0,0
00:53:00,0,0,0,0,0,0,,0,0,0
00:54:00,0,0,0,0,0,0,,0,0,0
00:55:00,0,0,0,0,0,0,,0,0,0
00:56:00,0,0,0,0,0,0,,0,0,0
00:57:00,0,0,0,0,0,0,,0,0,0
00:58:00,0,0,0,0,0,0,,0,0,0
00:59:00,4,0.0,0,0,0,0.11911852293031568,225466096#3_0,0.0,0,0
01:00:00,4,1.3092626992966365,0,0,0,0.05500550055005501,-225470238_0,0.0,0,0
01:01:00,3,1.2168320008721472,0,120.0,1,0.06807351940095303,225446903#0_0,0.0,60.571234890543096,60.571234890543096
01:02:00,2,1.1747761420707699,0,150.0,1,0.13717421124828533,:2342378344_1_0,0.0,184.91654222420846,92.45827111210423
01:03:00,1,1.7870847778757375,0,180.0,1,0.011708230886313079,-225470244#0_0,0.0,349.05319698816237,116.35106566272079
01:04:00,0,0,0,210.0,1,0,,0,668.9443679909895,167.23609199774737
01:05:00,0,0,0,210.0,0,0,,0,668.9443679909895,167.23609199774737
01:06:00,0,0,0,210.0,0,0,,0,668.9443679909895,167.23609199774737
01:07:00,0,0,0,210.0,0,0,,0,668.9443679909895,167.23609199774737
01:08:00,0,0,0,210.0,0,0,,0,668.9443679909895,167.23609199774737
01:09:00,0,0,0,210.0,0,0,,0,668.9443679909895,167.23609199774737
01:10:00,0,0,0,210.0,0,0,,0,668.9443679909895,167.23609199774737
01:11:00,0,0,0,210.0,0,0,,0,668.9443679909895,167.23609199774737
01:12:00,0,0,0,210.0,0,0,,0,668.9443679909895,167.23609199774737
01:13:00,0,0,0,210.0,0,0,,0,668.9443679909895,167.23609199774737
01:14:00,0,0,0,210.0,0,0,,0,668.9443679909895,167.23609199774737
01:15:00,0,0,0,210.0,0,0,,0,668.9443679909895,167.23609199774737
01:16:00,0,0,0,210.0,0,0,,0,668.9443679909895,167.23609199774737
01:17:00,0,0,0,210.0,0,0,,0,668.9443679909895,167.23609199774737
01:18:00,0,0,0,210.0,0,0,,0,668.9443679909895,167.23609199774737
01:19:00,0,0,0,210.0,0,0,,0,668.9443679909895,167.23609199774737
01:20:00,0,0,0,210.0,0,0,,0,668.9443679909895,167.23609199774737
01:21:00,0,0,0,210.0,0,0,,0,668.9443679909895,167.23609199774737
01:22:00,0,0,0,210.0,0,0,,0,668.9443679909895,167.23609199774737
01:23:00,0,0,0,210.0,0,0,,0,668.9443679909895,167.23609199774737
01:24:00,0,0,0,210.0,0,0,,0,668.9443679909895,167.23609199774737
01:25:00,0,0,0,210.0,0,0,,0,668.9443679909895,167.23609199774737
01:26:00,0,0,0,210.0,0,0,,0,668.9443679909895,167.23609199774737
01:27:00,0,0,0,210.0,0,0,,0,668.9443679909895,167.23609199774737
01:28:00,0,0,0,210.0,0,0,,0,668.9443679909895,167.23609199774737
01:29:00,0,0,0,210.0,0,0,,0,668.9443679909895,167.23609199774737
01:30:00,0,0,0,210.0,0,0,,0,668.9443679909895,167.23609199774737
01:31:00,0,0,0,210.0,0,0,,0,668.9443679909895,167.23609199774737
01:32:00,0,0,0,210.0,0,0,,0,668.9443679909895,167.23609199774737
01:33:00,0,0,0,210.0,0,0,,0,668.9443679909895,167.23609199774737
01:34:00,0,0,0,210.0,0,0,,0,668.9443679909895,167.23609199774737
01:35:00,0,0,0,210.0,0,0,,0,668.9443679909895,167.23609199774737
01:36:00,0,0,0,210.0,0,0,,0,668.9443679909895,167.23609199774737
01:37:00,0,0,0,210.0,0,0,,0,668.9443679909895,167.23609199774737
01:38:00,0,0,0,210.0,0,0,,0,668.9443679909895,167.23609199774737
01:39:00,0,0,0,210.0,0,0,,0,668.9443679909895,167.23609199774737
01:40:00,0,0,0,210.0,0,0,,0,668.9443679909895,167.23609199774737
01:41:00,0,0,0,210.0,0,0,,0,668.9443679909895,167.23609199774737
01:42:00,0,0,0,210.0,0,0,,0,668.9443679909895,167.23609199774737
01:43:00,0,0,0,210.0,0,0,,0,668.9443679909895,167.23609199774737
01:44:00,0,0,0,210.0,0,0,,0,668.9443679909895,167.23609199774737
01:45:00,0,0,0,210.0,0,0,,0,668.9443679909895,167.23609199774737
01:46:00,0,0,0,210.0,0,0,,0,668.9443679909895,167.23609199774737
01:47:00,0,0,0,210.0,0,0,,0,668.9443679909895,167.23609199774737
01:48:00,0,0,0,210.0,0,0,,0,668.9443679909895,167.23609199774737
01:49:00,0,0,0,210.0,0,0,,0,668.9443679909895,167.23609199774737
01:50:00,0,0,0,210.0,0,0,,0,668.9443679909895,167.23609199774737
01:51:00,0,0,0,210.0,0,0,,0,668.9443679909895,167.23609199774737
01:52:00,0,0,0,210.0,0,0,,0,668.9443679909895,167.23609199774737
01:53:00,0,0,0,210.0,0,0,,0,668.9443679909895,167.23609199774737
01:54:00,0,0,0,210.0,0,0,,0,668.9443679909895,167.23609199774737
01:55:00,0,0,0,210.0,0,0,,0,668.9443679909895,167.23609199774737
01:56:00,0,0,0,210.0,0,0,,0,668.9443679909895,167.23609199774737
01:57:00,0,0,0,210.0,0,0,,0,668.9443679909895,167.23609199774737
01:58:00,0,0,0,210.0,0,0,,0,668.9443679909895,167.23609199774737
01:59:00,1,0.0,0,210.0,0,0.049431537320810674,-225466110#2_0,0.0,668.9443679909895,167.23609199774737
02:00:00,1,1.8469234771724836,0,210.0,0,0.10395010395010396,:2342415566_13_0,0.0,668.9443679909895,167.23609199774737
02:01:00,1,1.8331699973158742,0,210.0,0,0.05955926146515784,-225466096#3_0,0.0,668.9443679909895,167.23609199774737
02:02:00,0,0,0,204.0,1,0,,0,813.011051509819,162.6022103019638
02:03:00,0,0,0,204.0,0,0,,0,813.011051509819,162.6022103019638
02:04:00,0,0,0,204.0,0,0,,0,813.011051509819,162.6022103019638
02:05:00,0,0,0,204.0,0,0,,0,813.011051509819,162.6022103019638
02:06:00,0,0,0,204.0,0,0,,0,813.011051509819,162.6022103019638
02:07:00,0,0,0,204.0,0,0,,0,813.011051509819,162.6022103019638
02:08:00,0,0,0,204.0,0,0,,0,813.011051509819,162.6022103019638
02:09:00,0,0,0,204.0,0,0,,0,813.011051509819,162.6022103019638
02:10:00,0,0,0,204.0,0,0,,0,813.011051509819,162.6022103019638
02:11:00,0,0,0,204.0,0,0,,0,813.011051509819,162.6022103019638
02:12:00,0,0,0,204.0,0,0,,0,813.011051509819,162.6022103019638
02:13:00,0,0,0,204.0,0,0,,0,813.011051509819,162.6022103019638
02:14:00,0,0,0,204.0,0,0,,0,813.011051509819,162.6022103019638
02:15:00,0,0,0,204.0,0,0,,0,813.011051509819,162.6022103019638
02:16:00,0,0,0,204.0,0,0,,0,813.011051509819,162.6022103019638
02:17:00,0,0,0,204.0,0,0,,0,813.011051509819,162.6022103019638
02:18:00,0,0,0,204.0,0,0,,0,813.011051509819,162.6022103019638
02:19:00,0,0,0,204.0,0,0,,0,813.011051509819,162.6022103019638
02:20:00,0,0,0,204.0,0,0,,0,813.011051509819,162.6022103019638
02:21:00,0,0,0,204.0,0,0,,0,813.011051509819,162.6022103019638
02:22:00,0,0,0,204.0,0,0,,0,813.011051509819,162.6022103019638
02:23:00,0,0,0,204.0,0,0,,0,813.011051509819,162.6022103019638
02:24:00,0,0,0,204.0,0,0,,0,813.011051509819,162.6022103019638
02:25:00,0,0,0,204.0,0,0,,0,813.011051509819,162.6022103019638
02:26:00,0,0,0,204.0,0,0,,0,813.011051509819,162.6022103019638
02:27:00,0,0,0,204.0,0,0,,0,813.011051509819,162.6022103019638
02:28:00,0,0,0,204.0,0,0,,0,813.011051509819,162.6022103019638
02:29:00,0,0,0,204.0,0,0,,0,813.011051509819,162.6022103019638
02:30:00,0,0,0,204.0,0,0,,0,813.011051509819,162.6022103019638
02:31:00,0,0,0,204.0,0,0,,0,813.011051509819,162.6022103019638
02:32:00,0,0,0,204.0,0,0,,0,813.011051509819,162.6022103019638
02:33:00,0,0,0,204.0,0,0,,0,813.011051509819,162.6022103019638
02:34:00,0,0,0,204.0,0,0,,0,813.011051509819,162.6022103019638
02:35:00,0,0,0,204.0,0,0,,0,813.011051509819,162.6022103019638
02:36:00,0,0,0,204.0,0,0,,0,813.011051509819,162.6022103019638
02:37:00,0,0,0,204.0,0,0,,0,813.011051509819,162.6022103019638
02:38:00,0,0,0,204.0,0,0,,0,813.011051509819,162.6022103019638
02:39:00,0,0,0,204.0,0,0,,0,813.011051509819,162.6022103019638
02:40:00,0,0,0,204.0,0,0,,0,813.011051509819,162.6022103019638
02:41:00,0,0,0,204.0,0,0,,0,813.011051509819,162.6022103019638
02:42:00,0,0,0,204.0,0,0,,0,813.011051509819,162.6022103019638
02:43:00,0,0,0,204.0,0,0,,0,813.011051509819,162.6022103019638
02:44:00,0,0,0,204.0,0,0,,0,813.011051509819,162.6022103019638
02:45:00,0,0,0,204.0,0,0,,0,813.011051509819,162.6022103019638
02:46:00,0,0,0,204.0,0,0,,0,813.011051509819,162.6022103019638
02:47:00,0,0,0,204.0,0,0,,0,813.011051509819,162.6022103019638
02:48:00,0,0,0,204.0,0,0,,0,813.011051509819,162.6022103019638
02:49:00,0,0,0,204.0,0,0,,0,813.011051509819,162.6022103019638
02:50:00,0,0,0,204.0,0,0,,0,813.011051509819,162.6022103019638
02:51:00,0,0,0,204.0,0,0,,0,813.011051509819,162.6022103019638
02:52:00,0,0,0,204.0,0,0,,0,813.011051509819,162.6022103019638
02:53:00,0,0,0,204.0,0,0,,0,813.011051509819,162.6022103019638
02:54:00,0,0,0,204.0,0,0,,0,813.011051509819,162.6022103019638
02:55:00,0,0,0,204.0,0,0,,0,813.011051509819,162.6022103019638
02:56:00,0,0,0,204.0,0,0,,0,813.011051509819,162.6022103019638
02:57:00,0,0,0,204.0,0,0,,0,813.011051509819,162.6022103019638
02:58:00,0,0,0,204.0,0,0,,0,813.011051509819,162.6022103019638
02:59:00,5,0.0,0,204.0,0,0.11911852293031568,225466096#3_0,0.0,813.011051509819,162.6022103019638
03:00:00,4,1.182978843485257,0,180.0,1,0.06123698714023271,-225466137#2_0,0.0,813.011051509819,135.50184191830317
03:01:00,4,1.1695352649424047,0,180.0,0,0.11848341232227488,-563616188#3_0,0.0,813.011051509819,135.50184191830317
03:02:00,4,1.1951989317371237,0,180.0,0,0.1724137931034483,:cluster_3762648096_5674905038_5_0,0.0,813.011051509819,135.50184191830317
03:03:00,3,1.1646867503299967,0,188.57142857142858,1,0.061387354205033766,:cluster_5431067087_5599550278_9654224073_19_0,0.0,1019.3831025912654,145.6261575130379
03:04:00,3,1.103069214468011,0,188.57142857142858,0,0.18726591760299627,:cluster_1906841109_5599550272_1_0,0.0,1019.3831025912654,145.6261575130379
03:05:00,2,1.1250238815049804,0,210.0,1,0.303951367781155,:cluster_3759551883_5600553618_5674893828_9_0,0.0,1374.781597507112,171.847699688389
03:06:00,2,1.0168895912294187,0,210.0,0,0.11534025374855825,563616188#3_0,0.0,1374.781597507112,171.847699688389
03:07:00,1,1.1172881622070632,0,240.0,1,0.02520161290322581,-225446896#0_0,0.0,1799.7687865207718,199.97430961341908
03:08:00,1,1.168312233072392,0,240.0,0,0.10101010101010101,:3428758088_1_0,0.0,1799.7687865207718,199.97430961341908
03:09:00,1,1.0434224382462673,0,240.0,0,0.05955926146515784,225466096#3_0,0.0,1799.7687865207718,199.97430961341908
03:10:00,0,0,0,282.0,1,0,,0,2375.2925611975365,237.52925611975365
03:11:00,0,0,0,282.0,0,0,,0,2375.2925611975365,237.52925611975365
03:12:00,0,0,0,282.0,0,0,,0,2375.2925611975365,237.52925611975365
03:13:00,0,0,0,282.0,0,0,,0,2375.2925611975365,237.52925611975365
03:14:00,0,0,0,282.0,0,0,,0,2375.2925611975365,237.52925611975365
03:15:00,0,0,0,282.0,0,0,,0,2375.2925611975365,237.52925611975365
03:16:00,0,0,0,282.0,0,0,,0,2375.2925611975365,237.52925611975365
03:17:00,0,0,0,282.0,0,0,,0,2375.2925611975365,237.52925611975365
03:18:00,0,0,0,282.0,0,0,,0,2375.2925611975365,237.52925611975365
03:19:00,0,0,0,282.0,0,0,,0,2375.2925611975365,237.52925611975365
03:20:00,0,0,0,282.0,0,0,,0,2375.2925611975365,237.52925611975365
03:21:00,0,0,0,282.0,0,0,,0,2375.2925611975365,237.52925611975365
03:22:00,0,0,0,282.0,0,0,,0,2375.2925611975365,237.52925611975365
03:23:00,0,0,0,282.0,0,0,,0,2375.2925611975365,237.52925611975365
03:24:00,0,0,0,282.0,0,0,,0,2375.2925611975365,237.52925611975365
03:25:00,0,0,0,282.0,0,0,,0,2375.2925611975365,237.52925611975365
03:26:00,0,0,0,282.0,0,0,,0,2375.2925611975365,237.52925611975365
03:27:00,0,0,0,282.0,0,0,,0,2375.2925611975365,237.52925611975365
03:28:00,0,0,0,282.0,0,0,,0,2375.2925611975365,237.52925611975365
03:29:00,0,0,0,282.0,0,0,,0,2375.2925611975365,237.52925611975365
03:30:00,0,0,0,282.0,0,0,,0,2375.2925611975365,237.52925611975365
03:31:00,0,0,0,282.0,0,0,,0,2375.2925611975365,237.52925611975365
03:32:00,0,0,0,282.0,0,0,,0,2375.2925611975365,237.52925611975365
03:33:00,0,0,0,282.0,0,0,,0,2375.2925611975365,237.52925611975365
03:34:00,0,0,0,282.0,0,0,,0,2375.2925611975365,237.52925611975365
03:35:00,0,0,0,282.0,0,0,,0,2375.2925611975365,237.52925611975365
03:36:00,0,0,0,282.0,0,0,,0,2375.2925611975365,237.52925611975365
03:37:00,0,0,0,282.0,0,0,,0,2375.2925611975365,237.52925611975365
03:38:00,0,0,0,282.0,0,0,,0,2375.2925611975365,237.52925611975365
03:39:00,0,0,0,282.0,0,0,,0,2375.2925611975365,237.52925611975365
03:40:00,0,0,0,282.0,0,0,,0,2375.2925611975365,237.52925611975365
03:41:00,0,0,0,282.0,0,0,,0,2375.2925611975365,237.52925611975365
03:42:00,0,0,0,282.0,0,0,,0,2375.2925611975365,237.52925611975365
03:43:00,0,0,0,282.0,0,0,,0,2375.2925611975365,237.52925611975365
03:44:00,0,0,0,282.0,0,0,,0,2375.2925611975365,237.52925611975365
03:45:00,0,0,0,282.0,0,0,,0,2375.2925611975365,237.52925611975365
03:46:00,0,0,0,282.0,0,0,,0,2375.2925611975365,237.52925611975365
03:47:00,0,0,0,282.0,0,0,,0,2375.2925611975365,237.52925611975365
03:48:00,0,0,0,282.0,0,0,,0,2375.2925611975365,237.52925611975365
03:49:00,0,0,0,282.0,0,0,,0,2375.2925611975365,237.52925611975365
03:50:00,0,0,0,282.0,0,0,,0,2375.2925611975365,237.52925611975365
03:51:00,0,0,0,282.0,0,0,,0,2375.2925611975365,237.52925611975365
03:52:00,0,0,0,282.0,0,0,,0,2375.2925611975365,237.52925611975365
03:53:00,0,0,0,282.0,0,0,,0,2375.2925611975365,237.52925611975365
03:54:00,0,0,0,282.0,0,0,,0,2375.2925611975365,237.52925611975365
03:55:00,0,0,0,282.0,0,0,,0,2375.2925611975365,237.52925611975365
03:56:00,0,0,0,282.0,0,0,,0,2375.2925611975365,237.52925611975365
03:57:00,0,0,0,282.0,0,0,,0,2375.2925611975365,237.52925611975365
03:58:00,0,0,0,282.0,0,0,,0,2375.2925611975365,237.52925611975365
03:59:00,0,0,0,282.0,0,0,,0,2375.2925611975365,237.52925611975365
04:00:00,0,0,0,282.0,0,0,,0,2375.2925611975365,237.52925611975365
04:01:00,0,0,0,282.0,0,0,,0,2375.2925611975365,237.52925611975365
04:02:00,0,0,0,282.0,0,0,,0,2375.2925611975365,237.52925611975365
04:03:00,0,0,0,282.0,0,0,,0,2375.2925611975365,237.52925611975365
04:04:00,0,0,0,282.0,0,0,,0,2375.2925611975365,237.52925611975365
04:05:00,0,0,0,282.0,0,0,,0,2375.2925611975365,237.52925611975365
04:06:00,0,0,0,282.0,0,0,,0,2375.2925611975365,237.52925611975365
04:07:00,0,0,0,282.0,0,0,,0,2375.2925611975365,237.52925611975365
04:08:00,0,0,0,282.0,0,0,,0,2375.2925611975365,237.52925611975365
04:09:00,0,0,0,282.0,0,0,,0,2375.2925611975365,237.52925611975365
04:10:00,0,0,0,282.0,0,0,,0,2375.2925611975365,237.52925611975365
04:11:00,0,0,0,282.0,0,0,,0,2375.2925611975365,237.52925611975365
04:12:00,0,0,0,282.0,0,0,,0,2375.2925611975365,237.52925611975365
04:13:00,0,0,0,282.0,0,0,,0,2375.2925611975365,237.52925611975365
04:14:00,0,0,0,282.0,0,0,,0,2375.2925611975365,237.52925611975365
04:15:00,0,0,0,282.0,0,0,,0,2375.2925611975365,237.52925611975365
04:16:00,0,0,0,282.0,0,0,,0,2375.2925611975365,237.52925611975365
04:17:00,0,0,0,282.0,0,0,,0,2375.2925611975365,237.52925611975365
04:18:00,0,0,0,282.0,0,0,,0,2375.2925611975365,237.52925611975365
04:19:00,0,0,0,282.0,0,0,,0,2375.2925611975365,237.52925611975365
04:20:00,0,0,0,282.0,0,0,,0,2375.2925611975365,237.52925611975365
04:21:00,0,0,0,282.0,0,0,,0,2375.2925611975365,237.52925611975365
04:22:00,0,0,0,282.0,0,0,,0,2375.2925611975365,237.52925611975365
04:23:00,0,0,0,282.0,0,0,,0,2375.2925611975365,237.52925611975365
04:24:00,0,0,0,282.0,0,0,,0,2375.2925611975365,237.52925611975365
04:25:00,0,0,0,282.0,0,0,,0,2375.2925611975365,237.52925611975365
04:26:00,0,0,0,282.0,0,0,,0,2375.2925611975365,237.52925611975365
04:27:00,0,0,0,282.0,0,0,,0,2375.2925611975365,237.52925611975365
04:28:00,0,0,0,282.0,0,0,,0,2375.2925611975365,237.52925611975365
04:29:00,0,0,0,282.0,0,0,,0,2375.2925611975365,237.52925611975365
04:30:00,0,0,0,282.0,0,0,,0,2375.2925611975365,237.52925611975365
04:31:00,0,0,0,282.0,0,0,,0,2375.2925611975365,237.52925611975365
04:32:00,0,0,0,282.0,0,0,,0,2375.2925611975365,237.52925611975365
04:33:00,0,0,0,282.0,0,0,,0,2375.2925611975365,237.52925611975365
04:34:00,0,0,0,282.0,0,0,,0,2375.2925611975365,237.52925611975365
04:35:00,0,0,0,282.0,0,0,,0,2375.2925611975365,237.52925611975365
04:36:00,0,0,0,282.0,0,0,,0,2375.2925611975365,237.52925611975365
04:37:00,0,0,0,282.0,0,0,,0,2375.2925611975365,237.52925611975365
04:38:00,0,0,0,282.0,0,0,,0,2375.2925611975365,237.52925611975365
04:39:00,0,0,0,282.0,0,0,,0,2375.2925611975365,237.52925611975365
04:40:00,0,0,0,282.0,0,0,,0,2375.2925611975365,237.52925611975365
04:41:00,0,0,0,282.0,0,0,,0,2375.2925611975365,237.52925611975365
04:42:00,0,0,0,282.0,0,0,,0,2375.2925611975365,237.52925611975365
04:43:00,0,0,0,282.0,0,0,,0,2375.2925611975365,237.52925611975365
04:44:00,0,0,0,282.0,0,0,,0,2375.2925611975365,237.52925611975365
04:45:00,0,0,0,282.0,0,0,,0,2375.2925611975365,237.52925611975365
04:46:00,0,0,0,282.0,0,0,,0,2375.2925611975365,237.52925611975365
04:47:00,0,0,0,282.0,0,0,,0,2375.2925611975365,237.52925611975365
04:48:00,0,0,0,282.0,0,0,,0,2375.2925611975365,237.52925611975365
04:49:00,0,0,0,282.0,0,0,,0,2375.2925611975365,237.52925611975365
04:50:00,0,0,0,282.0,0,0,,0,2375.2925611975365,237.52925611975365
04:51:00,0,0,0,282.0,0,0,,0,2375.2925611975365,237.52925611975365
04:52:00,0,0,0,282.0,0,0,,0,2375.2925611975365,237.52925611975365
04:53:00,0,0,0,282.0,0,0,,0,2375.2925611975365,237.52925611975365
04:54:00,0,0,0,282.0,0,0,,0,2375.2925611975365,237.52925611975365
04:55:00,0,0,0,282.0,0,0,,0,2375.2925611975365,237.52925611975365
04:56:00,0,0,0,282.0,0,0,,0,2375.2925611975365,237.52925611975365
04:57:00,0,0,0,282.0,0,0,,0,2375.2925611975365,237.52925611975365
04:58:00,0,0,0,282.0,0,0,,0,2375.2925611975365,237.52925611975365
04:59:00,2,0.0,0,282.0,0,0.11911852293031568,225466096#3_0,0.0,2375.2925611975365,237.52925611975365
05:00:00,2,1.0661259998665993,0,282.0,0,0.10493179433368312,1134398608#1_0,0.0,2375.2925611975365,237.52925611975365
05:01:00,2,1.0568946085159288,0,282.0,0,0.30120481927710846,-225466098#1_0,0.0,2375.2925611975365,237.52925611975365
05:02:00,1,0.9772952312625938,0,272.72727272727275,1,0.00940114693992667,-225466098#0_0,0.0,2492.012099543455,226.54655450395046
05:03:00,1,1.1463378567029627,0,272.72727272727275,0,0.07178750897343862,:2342378636_15_0,0.0,2492.012099543455,226.54655450395046
05:04:00,0,0,0,275.0,1,0,,0,2708.4522528714424,225.70435440595352
05:05:00,0,0,0,275.0,0,0,,0,2708.4522528714424,225.70435440595352
05:06:00,0,0,0,275.0,0,0,,0,2708.4522528714424,225.70435440595352
05:07:00,0,0,0,275.0,0,0,,0,2708.4522528714424,225.70435440595352
05:08:00,0,0,0,275.0,0,0,,0,2708.4522528714424,225.70435440595352
05:09:00,0,0,0,275.0,0,0,,0,2708.4522528714424,225.70435440595352
05:10:00,0,0,0,275.0,0,0,,0,2708.4522528714424,225.70435440595352
05:11:00,0,0,0,275.0,0,0,,0,2708.4522528714424,225.70435440595352
05:12:00,0,0,0,275.0,0,0,,0,2708.4522528714424,225.70435440595352
05:13:00,0,0,0,275.0,0,0,,0,2708.4522528714424,225.70435440595352
05:14:00,0,0,0,275.0,0,0,,0,2708.4522528714424,225.70435440595352
05:15:00,0,0,0,275.0,0,0,,0,2708.4522528714424,225.70435440595352
05:16:00,0,0,0,275.0,0,0,,0,2708.4522528714424,225.70435440595352
05:17:00,0,0,0,275.0,0,0,,0,2708.4522528714424,225.70435440595352
05:18:00,0,0,0,275.0,0,0,,0,2708.4522528714424,225.70435440595352
05:19:00,0,0,0,275.0,0,0,,0,2708.4522528714424,225.70435440595352
05:20:00,0,0,0,275.0,0,0,,0,2708.4522528714424,225.70435440595352
05:21:00,0,0,0,275.0,0,0,,0,2708.4522528714424,225.70435440595352
05:22:00,0,0,0,275.0,0,0,,0,2708.4522528714424,225.70435440595352
05:23:00,0,0,0,275.0,0,0,,0,2708.4522528714424,225.70435440595352
05:24:00,0,0,0,275.0,0,0,,0,2708.4522528714424,225.70435440595352
05:25:00,0,0,0,275.0,0,0,,0,2708.4522528714424,225.70435440595352
05:26:00,0,0,0,275.0,0,0,,0,2708.4522528714424,225.70435440595352
05:27:00,0,0,0,275.0,0,0,,0,2708.4522528714424,225.70435440595352
05:28:00,0,0,0,275.0,0,0,,0,2708.4522528714424,225.70435440595352
05:29:00,0,0,0,275.0,0,0,,0,2708.4522528714424,225.70435440595352
05:30:00,0,0,0,275.0,0,0,,0,2708.4522528714424,225.70435440595352
05:31:00,0,0,0,275.0,0,0,,0,2708.4522528714424,225.70435440595352
05:32:00,0,0,0,275.0,0,0,,0,2708.4522528714424,225.70435440595352
05:33:00,0,0,0,275.0,0,0,,0,2708.4522528714424,225.70435440595352
05:34:00,0,0,0,275.0,0,0,,0,2708.4522528714424,225.70435440595352
05:35:00,0,0,0,275.0,0,0,,0,2708.4522528714424,225.70435440595352
05:36:00,0,0,0,275.0,0,0,,0,2708.4522528714424,225.70435440595352
05:37:00,0,0,0,275.0,0,0,,0,2708.4522528714424,225.70435440595352
05:38:00,0,0,0,275.0,0,0,,0,2708.4522528714424,225.70435440595352
05:39:00,0,0,0,275.0,0,0,,0,2708.4522528714424,225.70435440595352
05:40:00,0,0,0,275.0,0,0,,0,2708.4522528714424,225.70435440595352
05:41:00,0,0,0,275.0,0,0,,0,2708.4522528714424,225.70435440595352
05:42:00,0,0,0,275.0,0,0,,0,2708.4522528714424,225.70435440595352
05:43:00,0,0,0,275.0,0,0,,0,2708.4522528714424,225.70435440595352
05:44:00,0,0,0,275.0,0,0,,0,2708.4522528714424,225.70435440595352
05:45:00,0,0,0,275.0,0,0,,0,2708.4522528714424,225.70435440595352
05:46:00,0,0,0,275.0,0,0,,0,2708.4522528714424,225.70435440595352
05:47:00,0,0,0,275.0,0,0,,0,2708.4522528714424,225.70435440595352
05:48:00,0,0,0,275.0,0,0,,0,2708.4522528714424,225.70435440595352
05:49:00,0,0,0,275.0,0,0,,0,2708.4522528714424,225.70435440595352
05:50:00,0,0,0,275.0,0,0,,0,2708.4522528714424,225.70435440595352
05:51:00,0,0,0,275.0,0,0,,0,2708.4522528714424,225.70435440595352
05:52:00,0,0,0,275.0,0,0,,0,2708.4522528714424,225.70435440595352
05:53:00,0,0,0,275.0,0,0,,0,2708.4522528714424,225.70435440595352
05:54:00,0,0,0,275.0,0,0,,0,2708.4522528714424,225.70435440595352
05:55:00,0,0,0,275.0,0,0,,0,2708.4522528714424,225.70435440595352
05:56:00,0,0,0,275.0,0,0,,0,2708.4522528714424,225.70435440595352
05:57:00,0,0,0,275.0,0,0,,0,2708.4522528714424,225.70435440595352
05:58:00,0,0,0,275.0,0,0,,0,2708.4522528714424,225.70435440595352
05:59:00,8,0.0,0,275.0,0,0.1786777843954735,225466096#3_0,0.0,2708.4522528714424,225.70435440595352
06:00:00,6,1.127223582169721,0,244.28571428571428,2,0.19474196689386564,:2342378714_14_0,0.0,2708.4522528714424,193.46087520510304
06:01:00,4,1.1151723463719911,0,228.75,2,0.22271714922048996,:7265220270_3_0,0.0,2820.9112978996895,176.3069561187306
06:02:00,4,1.0182127749739687,0,228.75,0,0.18315018315018314,:2342415471_8_0,0.0,2820.9112978996895,176.3069561187306
06:03:00,4,1.0320573521439438,0,228.75,0,0.06807351940095303,225446903#0_0,0.0,2820.9112978996895,176.3069561187306
06:04:00,3,1.0615649923094141,0,232.94117647058823,1,0.20876826722338204,:2342205263_0_0,0.0,3060.265479902117,180.0156164648304
06:05:00,2,1.035737650807326,0,240.0,1,0.2188183807439825,:3428765298_4_0,0.0,3293.168269717978,182.95379276210988
06:06:00,1,1.0579666128965215,0,249.47368421052633,1,0.11904761904761904,563616188#1_0,0.0,3634.3657513497833,191.28240796577808
06:07:00,1,1.1281496858661133,0,249.47368421052633,0,0.00880514220304658,920874877#0_0,0.0,3634.3657513497833,191.28240796577808
06:08:00,0,0,0,264.0,1,0,,0,4119.694281143914,205.9847140571957
06:09:00,0,0,0,264.0,0,0,,0,4119.694281143914,205.9847140571957
06:10:00,0,0,0,264.0,0,0,,0,4119.694281143914,205.9847140571957
06:11:00,0,0,0,264.0,0,0,,0,4119.694281143914,205.9847140571957
06:12:00,0,0,0,264.0,0,0,,0,4119.694281143914,205.9847140571957
06:13:00,0,0,0,264.0,0,0,,0,4119.694281143914,205.9847140571957
06:14:00,0,0,0,264.0,0,0,,0,4119.694281143914,205.9847140571957
06:15:00,0,0,0,264.0,0,0,,0,4119.694281143914,205.9847140571957
06:16:00,0,0,0,264.0,0,0,,0,4119.694281143914,205.9847140571957
06:17:00,0,0,0,264.0,0,0,,0,4119.694281143914,205.9847140571957
06:18:00,0,0,0,264.0,0,0,,0,4119.694281143914,205.9847140571957
06:19:00,0,0,0,264.0,0,0,,0,4119.694281143914,205.9847140571957
06:20:00,0,0,0,264.0,0,0,,0,4119.694281143914,205.9847140571957
06:21:00,0,0,0,264.0,0,0,,0,4119.694281143914,205.9847140571957
06:22:00,0,0,0,264.0,0,0,,0,4119.694281143914,205.9847140571957
06:23:00,0,0,0,264.0,0,0,,0,4119.694281143914,205.9847140571957
06:24:00,0,0,0,264.0,0,0,,0,4119.694281143914,205.9847140571957
06:25:00,0,0,0,264.0,0,0,,0,4119.694281143914,205.9847140571957
06:26:00,0,0,0,264.0,0,0,,0,4119.694281143914,205.9847140571957
06:27:00,0,0,0,264.0,0,0,,0,4119.694281143914,205.9847140571957
06:28:00,0,0,0,264.0,0,0,,0,4119.694281143914,205.9847140571957
06:29:00,0,0,0,264.0,0,0,,0,4119.694281143914,205.9847140571957
06:30:00,0,0,0,264.0,0,0,,0,4119.694281143914,205.9847140571957
06:31:00,0,0,0,264.0,0,0,,0,4119.694281143914,205.9847140571957
06:32:00,0,0,0,264.0,0,0,,0,4119.694281143914,205.9847140571957
06:33:00,0,0,0,264.0,0,0,,0,4119.694281143914,205.9847140571957
06:34:00,0,0,0,264.0,0,0,,0,4119.694281143914,205.9847140571957
06:35:00,0,0,0,264.0,0,0,,0,4119.694281143914,205.9847140571957
06:36:00,0,0,0,264.0,0,0,,0,4119.694281143914,205.9847140571957
06:37:00,0,0,0,264.0,0,0,,0,4119.694281143914,205.9847140571957
06:38:00,0,0,0,264.0,0,0,,0,4119.694281143914,205.9847140571957
06:39:00,0,0,0,264.0,0,0,,0,4119.694281143914,205.9847140571957
06:40:00,0,0,0,264.0,0,0,,0,4119.694281143914,205.9847140571957
06:41:00,0,0,0,264.0,0,0,,0,4119.694281143914,205.9847140571957
06:42:00,0,0,0,264.0,0,0,,0,4119.694281143914,205.9847140571957
06:43:00,0,0,0,264.0,0,0,,0,4119.694281143914,205.9847140571957
06:44:00,0,0,0,264.0,0,0,,0,4119.694281143914,205.9847140571957
06:45:00,0,0,0,264.0,0,0,,0,4119.694281143914,205.9847140571957
06:46:00,0,0,0,264.0,0,0,,0,4119.694281143914,205.9847140571957
06:47:00,0,0,0,264.0,0,0,,0,4119.694281143914,205.9847140571957
06:48:00,0,0,0,264.0,0,0,,0,4119.694281143914,205.9847140571957
06:49:00,0,0,0,264.0,0,0,,0,4119.694281143914,205.9847140571957
06:50:00,0,0,0,264.0,0,0,,0,4119.694281143914,205.9847140571957
06:51:00,0,0,0,264.0,0,0,,0,4119.694281143914,205.9847140571957
06:52:00,0,0,0,264.0,0,0,,0,4119.694281143914,205.9847140571957
06:53:00,0,0,0,264.0,0,0,,0,4119.694281143914,205.9847140571957
06:54:00,0,0,0,264.0,0,0,,0,4119.694281143914,205.9847140571957
06:55:00,0,0,0,264.0,0,0,,0,4119.694281143914,205.9847140571957
06:56:00,0,0,0,264.0,0,0,,0,4119.694281143914,205.9847140571957
06:57:00,0,0,0,264.0,0,0,,0,4119.694281143914,205.9847140571957
06:58:00,0,0,0,264.0,0,0,,0,4119.694281143914,205.9847140571957
06:59:00,142,0.0,0,264.0,0,2.7397260273972606,225466096#3_0,0.0,4119.694281143914,205.9847140571957
07:00:00,127,1.2217477105518872,0,176.57142857142858,15,0.9202453987730062,:2342415677_6_0,0.0,4119.694281143914,117.70555088982611
07:01:00,121,1.2246306251757912,0,168.29268292682926,6,1.075268817204301,-1134398600#2_0,0.0,4455.030454504204,108.65927937815131
07:02:00,112,1.2461842969042258,0,170.4,9,0.8928571428571428,-372396764#6_0,0.0,5415.1047125266905,108.30209425053381
07:03:00,94,1.2339871882137372,0,188.8235294117647,18,0.3623188405797102,225446903#1_0,0.0,8757.654568708213,128.78903777512076
07:04:00,79,1.180466370387706,1,208.9156626506024,15,0.4597701149425288,:2342378552_4_0,1.0,12940.082532355354,155.90460882355848
07:05:00,61,1.1137612478930992,0,235.84158415841586,18,0.5555555555555556,-346382722#1_0,0.0,19228.478546118487,190.38097570414345
07:06:00,51,1.0592994661382134,0,252.43243243243242,10,0.5555555555555556,-346382722#1_0,0.0,23577.10439616977,212.40634591143936
07:07:00,36,0.9495492354484691,0,279.5238095238095,15,0.33670033670033667,:2342415509_3_0,0.0,30714.600448530873,243.7666702264355
07:08:00,24,0.8902755877313834,0,302.17391304347825,12,0.19762845849802374,:3762625660_0_0,0.0,36325.53363066582,263.22850457004216
07:09:00,18,0.8545086216112439,0,314.5833333333333,6,0.21253985122210414,:12625990039_3_0,0.0,39288.6242344249,272.83766829461734
07:10:00,16,0.8369709881840105,0,319.3150684931507,2,0.38759689922480617,225485340#1_0,0.0,40414.59931534441,276.8123240777014
07:11:00,12,0.7993341110638386,0,330.0,4,0.16025641025641024,:2343354338_6_0,0.0,42493.73217316403,283.29154782109356
07:12:00,9,0.7176005316951671,0,338.8235294117647,3,0.24125452352231608,:2342576027_6_0,0.0,44573.45552436043,291.32977466902247
07:13:00,6,0.6786268287946129,0,348.46153846153845,3,0.17667844522968199,:2342415689_6_0,0.0,46252.01391184787,296.4872686656915
07:14:00,3,0.6910514138478866,0,358.8679245283019,3,0.05955926146515784,-225466096#3_0,0.0,47830.03571862219,300.8178347083157
07:15:00,2,0.6302885677954309,0,362.625,1,0.035765379113018594,225470243#2_0,0.0,48405.82167027917,302.5363854392448
07:16:00,2,0.6798312368086349,0,362.625,0,0.15698587127158556,:10575648973_1_0,0.0,48405.82167027917,302.5363854392448
07:17:00,2,0.637868374032249,0,362.625,0,0.06807351940095303,225446903#0_0,0.0,48405.82167027917,302.5363854392448
07:18:00,1,0.5780973049461391,0,367.45341614906835,1,0.036845983787767135,225466102#1_0,0.0,49062.00246716326,304.7329345786538
07:19:00,0,0,0,372.5925925925926,1,0,,0,49745.836445288616,307.0730644770902
07:20:00,0,0,0,372.5925925925926,0,0,,0,49745.836445288616,307.0730644770902
07:21:00,0,0,0,372.5925925925926,0,0,,0,49745.836445288616,307.0730644770902
07:22:00,0,0,0,372.5925925925926,0,0,,0,49745.836445288616,307.0730644770902
07:23:00,0,0,0,372.5925925925926,0,0,,0,49745.836445288616,307.0730644770902
07:24:00,0,0,0,372.5925925925926,0,0,,0,49745.836445288616,307.0730644770902
07:25:00,0,0,0,372.5925925925926,0,0,,0,49745.836445288616,307.0730644770902
07:26:00,0,0,0,372.5925925925926,0,0,,0,49745.836445288616,307.0730644770902
07:27:00,0,0,0,372.5925925925926,0,0,,0,49745.836445288616,307.0730644770902
07:28:00,0,0,0,372.5925925925926,0,0,,0,49745.836445288616,307.0730644770902
07:29:00,0,0,0,372.5925925925926,0,0,,0,49745.836445288616,307.0730644770902
07:30:00,0,0,0,372.5925925925926,0,0,,0,49745.836445288616,307.0730644770902
07:31:00,0,0,0,372.5925925925926,0,0,,0,49745.836445288616,307.0730644770902
07:32:00,0,0,0,372.5925925925926,0,0,,0,49745.836445288616,307.0730644770902
07:33:00,0,0,0,372.5925925925926,0,0,,0,49745.836445288616,307.0730644770902
07:34:00,0,0,0,372.5925925925926,0,0,,0,49745.836445288616,307.0730644770902
07:35:00,0,0,0,372.5925925925926,0,0,,0,49745.836445288616,307.0730644770902
07:36:00,0,0,0,372.5925925925926,0,0,,0,49745.836445288616,307.0730644770902
07:37:00,0,0,0,372.5925925925926,0,0,,0,49745.836445288616,307.0730644770902
07:38:00,0,0,0,372.5925925925926,0,0,,0,49745.836445288616,307.0730644770902
07:39:00,0,0,0,372.5925925925926,0,0,,0,49745.836445288616,307.0730644770902
07:40:00,0,0,0,372.5925925925926,0,0,,0,49745.836445288616,307.0730644770902
07:41:00,0,0,0,372.5925925925926,0,0,,0,49745.836445288616,307.0730644770902
07:42:00,0,0,0,372.5925925925926,0,0,,0,49745.836445288616,307.0730644770902
07:43:00,0,0,0,372.5925925925926,0,0,,0,49745.836445288616,307.0730644770902
07:44:00,0,0,0,372.5925925925926,0,0,,0,49745.836445288616,307.0730644770902
07:45:00,0,0,0,372.5925925925926,0,0,,0,49745.836445288616,307.0730644770902
07:46:00,0,0,0,372.5925925925926,0,0,,0,49745.836445288616,307.0730644770902
07:47:00,0,0,0,372.5925925925926,0,0,,0,49745.836445288616,307.0730644770902
07:48:00,0,0,0,372.5925925925926,0,0,,0,49745.836445288616,307.0730644770902
07:49:00,0,0,0,372.5925925925926,0,0,,0,49745.836445288616,307.0730644770902
07:50:00,0,0,0,372.5925925925926,0,0,,0,49745.836445288616,307.0730644770902
07:51:00,0,0,0,372.5925925925926,0,0,,0,49745.836445288616,307.0730644770902
07:52:00,0,0,0,372.5925925925926,0,0,,0,49745.836445288616,307.0730644770902
07:53:00,0,0,0,372.5925925925926,0,0,,0,49745.836445288616,307.0730644770902
07:54:00,0,0,0,372.5925925925926,0,0,,0,49745.836445288616,307.0730644770902
07:55:00,0,0,0,372.5925925925926,0,0,,0,49745.836445288616,307.0730644770902
07:56:00,0,0,0,372.5925925925926,0,0,,0,49745.836445288616,307.0730644770902
07:57:00,0,0,0,372.5925925925926,0,0,,0,49745.836445288616,307.0730644770902
07:58:00,0,0,0,372.5925925925926,0,0,,0,49745.836445288616,307.0730644770902
07:59:00,401,0.0,0,372.5925925925926,0,8.100059559261465,225466096#3_0,0.0,49745.836445288616,307.0730644770902
08:00:00,352,1.0397165172359841,22,300.0,49,5.405405405405405,:2342378668_0_0,60.0,49745.836445288616,235.7622580345432
08:01:00,333,1.1423076409983246,2,285.1304347826087,19,5.0,-225466081#3_0,1.0,50614.890552619814,220.06474153312962
08:02:00,306,1.143182009659053,2,274.0856031128405,27,5.0,-225470265#1_0,1.0,53115.7896979543,206.67622450565875
08:03:00,267,1.1228288360883338,2,269.5945945945946,39,1.2345679012345678,-225470358#2_0,1.0,59575.244964247926,201.26771947381056
08:04:00,236,1.1165717266457607,0,272.4770642201835,31,0.5928853754940712,225470240#2_0,0.0,66904.32394169318,204.60037902658465
08:05:00,206,1.0687396658326405,1,279.83193277310926,30,5.0,-225470262#0_0,1.0,77127.73419370635,216.04407337172645
08:06:00,166,0.9943290993646925,1,293.95465994962217,40,5.0,-180244645_0,1.0,92833.6500446649,233.8379094324053
08:07:00,134,0.9459848043309038,0,307.83216783216784,32,2.0833333333333335,-225485362#1_0,0.0,106561.78185021575,248.3957618886148
08:08:00,97,0.8840928183619404,0,326.26609442060084,37,0.39473684210526316,:2342415579_4_0,0.0,124056.70529878841,266.21610579139144
08:09:00,83,0.8500748534174982,0,334.25,14,0.2797202797202797,:2343357249_1_0,0.0,131173.91368227772,273.2789868380786
08:10:00,66,0.8195917144079216,0,345.39235412474846,17,0.4008016032064128,:5444491624_7_0,0.0,139729.07973608808,281.14502965007665
08:11:00,52,0.7909102743363005,0,355.6555772994129,14,1.075268817204301,-1134398600#2_0,0.0,146876.07856614972,287.4287251783752
08:12:00,37,0.7551481739809159,0,367.75665399239546,15,0.2801120448179272,335766013#1_0,0.0,155242.7420625561,295.13829289459335
08:13:00,29,0.7563405724873686,0,374.8314606741573,8,0.3424657534246575,:2342378480_2_0,0.0,159680.55335008493,299.0272534645785
08:14:00,17,0.7879621125341534,0,386.3736263736264,12,0.18761726078799248,:10575648965_6_0,0.0,166556.6870567381,305.0488773932932
08:15:00,11,0.7855386629683807,0,392.60869565217394,6,0.2242152466367713,1046388837#1_0,0.0,170295.82845493095,308.506935606759
08:16:00,7,0.7927911970773586,0,397.1223021582734,4,0.11627906976744186,:5431067234_0_0,0.0,173081.43081997425,311.29753744599685
08:17:00,5,0.7383614159369855,0,399.5698924731183,2,0.10493179433368312,:9941998815_1_0,0.0,174588.87225369105,312.88328360876534
08:18:00,2,0.6736849670674142,0,403.52941176470586,3,0.11160714285714285,:2342378412_5_0,0.0,176838.90461688166,315.22086384470884
08:19:00,0,0,0,406.3587921847247,2,0,,0,178323.15878611404,316.737404593453
08:20:00,0,0,0,406.3587921847247,0,0,,0,178323.15878611404,316.737404593453
08:21:00,0,0,0,406.3587921847247,0,0,,0,178323.15878611404,316.737404593453
08:22:00,0,0,0,406.3587921847247,0,0,,0,178323.15878611404,316.737404593453
08:23:00,0,0,0,406.3587921847247,0,0,,0,178323.15878611404,316.737404593453
08:24:00,0,0,0,406.3587921847247,0,0,,0,178323.15878611404,316.737404593453
08:25:00,0,0,0,406.3587921847247,0,0,,0,178323.15878611404,316.737404593453
08:26:00,0,0,0,406.3587921847247,0,0,,0,178323.15878611404,316.737404593453
08:27:00,0,0,0,406.3587921847247,0,0,,0,178323.15878611404,316.737404593453
08:28:00,0,0,0,406.3587921847247,0,0,,0,178323.15878611404,316.737404593453
08:29:00,0,0,0,406.3587921847247,0,0,,0,178323.15878611404,316.737404593453
08:30:00,0,0,0,406.3587921847247,0,0,,0,178323.15878611404,316.737404593453
08:31:00,0,0,0,406.3587921847247,0,0,,0,178323.15878611404,316.737404593453
08:32:00,0,0,0,406.3587921847247,0,0,,0,178323.15878611404,316.737404593453
08:33:00,0,0,0,406.3587921847247,0,0,,0,178323.15878611404,316.737404593453
08:34:00,0,0,0,406.3587921847247,0,0,,0,178323.15878611404,316.737404593453
08:35:00,0,0,0,406.3587921847247,0,0,,0,178323.15878611404,316.737404593453
08:36:00,0,0,0,406.3587921847247,0,0,,0,178323.15878611404,316.737404593453
08:37:00,0,0,0,406.3587921847247,0,0,,0,178323.15878611404,316.737404593453
08:38:00,0,0,0,406.3587921847247,0,0,,0,178323.15878611404,316.737404593453
08:39:00,0,0,0,406.3587921847247,0,0,,0,178323.15878611404,316.737404593453
08:40:00,0,0,0,406.3587921847247,0,0,,0,178323.15878611404,316.737404593453
08:41:00,0,0,0,406.3587921847247,0,0,,0,178323.15878611404,316.737404593453
08:42:00,0,0,0,406.3587921847247,0,0,,0,178323.15878611404,316.737404593453
08:43:00,0,0,0,406.3587921847247,0,0,,0,178323.15878611404,316.737404593453
08:44:00,0,0,0,406.3587921847247,0,0,,0,178323.15878611404,316.737404593453
08:45:00,0,0,0,406.3587921847247,0,0,,0,178323.15878611404,316.737404593453
08:46:00,0,0,0,406.3587921847247,0,0,,0,178323.15878611404,316.737404593453
08:47:00,0,0,0,406.3587921847247,0,0,,0,178323.15878611404,316.737404593453
08:48:00,0,0,0,406.3587921847247,0,0,,0,178323.15878611404,316.737404593453
08:49:00,0,0,0,406.3587921847247,0,0,,0,178323.15878611404,316.737404593453
08:50:00,2247,0.0,0,406.3587921847247,0,51.04228707564027,225466096#3_0,0.0,178323.15878611404,316.737404593453
08:51:00,1979,0.3801447298891308,1176,294.6570397111913,268,37.87969029184038,225466096#3_0,60.0,178323.15878611404,214.58863873178586
08:52:00,1950,0.6581673711018519,674,288.7674418604651,29,30.911256700416917,225466096#3_0,120.0,179483.97918667464,208.70230137985422
08:53:00,1864,0.7910716845038457,439,278.87949260042285,86,24.121500893388923,225466096#3_0,180.0,185268.0095630697,195.84356190599334
08:54:00,1720,0.8256262211228441,402,273.74311926605503,144,16.914830256104825,225466096#3_0,240.0,202333.34359373347,185.62692072819584
08:55:00,1562,0.9307126807188938,216,277.0673076923077,158,9.767718880285885,225466096#3_0,300.0,227514.6843802273,182.303432996977
08:56:00,1412,1.0824395387860035,25,285.9656652360515,150,5.0,-225470265#1_0,11.0,261293.0939184234,186.90493127211974
08:57:00,1209,1.0839941325551739,18,302.96064959400377,203,5.0,-225470265#1_0,2.0,315192.5874151248,196.87232193324473
08:58:00,1016,1.0791658250372427,7,322.0066889632107,193,5.0,225470245#2_0,1.0,376066.19316901016,209.62441090803242
08:59:00,793,1.0369938721926872,3,346.10808130887455,223,1.7130620985010707,:2342566230_4_0,1.0,455586.149996193,225.87315319593108
09:00:00,615,0.9648110101324273,6,366.69703872437356,178,5.0,-225470265#1_0,1.0,525097.1205315654,239.22420069775188
09:01:00,434,0.921033470814317,2,389.04040404040404,181,5.0,-225470265#1_0,1.0,600996.8151671449,252.94478752825964
09:02:00,302,0.8444576017611554,2,406.4593301435407,132,1.075268817204301,-1134398600#2_0,1.0,661046.4215008954,263.57512819014966
09:03:00,225,0.8210087700758989,0,417.58607350096713,77,5.0,-225470265#1_0,0.0,696804.2331844418,269.5567633208672
09:04:00,141,0.7742183155574472,0,430.8804795803672,84,0.6329113924050632,:5602981520_2_0,0.0,738882.865143328,276.83884044336
09:05:00,95,0.7523790420829594,0,438.82872928176795,46,0.39603960396039606,:5431067224_0_0,0.0,761597.7911577123,280.5148402054189
09:06:00,62,0.7189155164741954,0,445.08733624454146,33,0.4008016032064128,:5444491624_7_0,0.0,778630.3427066813,283.34437507521153
09:07:00,41,0.7118564469042633,0,449.4474539544962,21,0.3488372093023256,:5431067234_0_0,0.0,789890.6578370171,285.26206494655725
09:08:00,23,0.6694134889403794,0,453.5199138858988,18,0.3232758620689655,:5431067225_0_0,0.0,800109.859271904,287.0864224154661
09:09:00,14,0.6584497347096887,0,455.7296137339056,9,0.19801980198019803,:5431067224_0_0,0.0,804954.0956133751,287.8948839818938
09:10:00,6,0.6462050700579195,0,457.8530670470756,8,0.18761726078799248,:10575648965_6_0,0.0,809260.3844868281,288.60926693538806
09:11:00,2,0.5923525033751933,0,458.9957264957265,4,0.07225433526011561,:2342378636_8_0,0.0,811870.1063591454,289.1275307546814
09:12:00,1,0.5859199655137846,0,459.30224279102885,1,0.006978854072161351,-1134398611_0,0.0,812468.0411740397,289.2374657080953
09:13:00,0,0,0,459.62989323843414,1,0,,0,813226.924355005,289.40459941459255
09:14:00,0,0,0,459.62989323843414,0,0,,0,813226.924355005,289.40459941459255
09:15:00,0,0,0,459.62989323843414,0,0,,0,813226.924355005,289.40459941459255
09:16:00,0,0,0,459.62989323843414,0,0,,0,813226.924355005,289.40459941459255
09:17:00,0,0,0,459.62989323843414,0,0,,0,813226.924355005,289.40459941459255
09:18:00,0,0,0,459.62989323843414,0,0,,0,813226.924355005,289.40459941459255
09:19:00,0,0,0,459.62989323843414,0,0,,0,813226.924355005,289.40459941459255
09:20:00,0,0,0,459.62989323843414,0,0,,0,813226.924355005,289.40459941459255
09:21:00,0,0,0,459.62989323843414,0,0,,0,813226.924355005,289.40459941459255
09:22:00,0,0,0,459.62989323843414,0,0,,0,813226.924355005,289.40459941459255
09:23:00,0,0,0,459.62989323843414,0,0,,0,813226.924355005,289.40459941459255
09:24:00,0,0,0,459.62989323843414,0,0,,0,813226.924355005,289.40459941459255
09:25:00,0,0,0,459.62989323843414,0,0,,0,813226.924355005,289.40459941459255
09:26:00,0,0,0,459.62989323843414,0,0,,0,813226.924355005,289.40459941459255
09:27:00,0,0,0,459.62989323843414,0,0,,0,813226.924355005,289.40459941459255
09:28:00,0,0,0,459.62989323843414,0,0,,0,813226.924355005,289.40459941459255
09:29:00,0,0,0,459.62989323843414,0,0,,0,813226.924355005,289.40459941459255
09:30:00,0,0,0,459.62989323843414,0,0,,0,813226.924355005,289.40459941459255
09:31:00,0,0,0,459.62989323843414,0,0,,0,813226.924355005,289.40459941459255
09:32:00,0,0,0,459.62989323843414,0,0,,0,813226.924355005,289.40459941459255
09:33:00,0,0,0,459.62989323843414,0,0,,0,813226.924355005,289.40459941459255
09:34:00,0,0,0,459.62989323843414,0,0,,0,813226.924355005,289.40459941459255
09:35:00,0,0,0,459.62989323843414,0,0,,0,813226.924355005,289.40459941459255
09:36:00,0,0,0,459.62989323843414,0,0,,0,813226.924355005,289.40459941459255
09:37:00,0,0,0,459.62989323843414,0,0,,0,813226.924355005,289.40459941459255
09:38:00,0,0,0,459.62989323843414,0,0,,0,813226.924355005,289.40459941459255
09:39:00,0,0,0,459.62989323843414,0,0,,0,813226.924355005,289.40459941459255
09:40:00,0,0,0,459.62989323843414,0,0,,0,813226.924355005,289.40459941459255
09:41:00,0,0,0,459.62989323843414,0,0,,0,813226.924355005,289.40459941459255
09:42:00,0,0,0,459.62989323843414,0,0,,0,813226.924355005,289.40459941459255
09:43:00,0,0,0,459.62989323843414,0,0,,0,813226.924355005,289.40459941459255
09:44:00,0,0,0,459.62989323843414,0,0,,0,813226.924355005,289.40459941459255
09:45:00,0,0,0,459.62989323843414,0,0,,0,813226.924355005,289.40459941459255
09:46:00,0,0,0,459.62989323843414,0,0,,0,813226.924355005,289.40459941459255
09:47:00,0,0,0,459.62989323843414,0,0,,0,813226.924355005,289.40459941459255
09:48:00,0,0,0,459.62989323843414,0,0,,0,813226.924355005,289.40459941459255
09:49:00,0,0,0,459.62989323843414,0,0,,0,813226.924355005,289.40459941459255
09:50:00,3061,0.0,0,459.62989323843414,0,62.29898749255509,225466096#3_0,0.0,813226.924355005,289.40459941459255
09:51:00,2723,0.32282731881765203,1796,416.7217280813215,338,48.183442525312685,225466096#3_0,60.0,813226.924355005,258.3312974444107
09:52:00,2693,0.51138089866751,1257,413.92070484581495,30,41.75104228707564,225466096#3_0,120.0,814382.3259465812,256.25623849798023
09:53:00,2616,0.6194537512730557,961,408.38709677419354,77,35.02084574151281,225466096#3_0,180.0,819966.5854268379,251.90985727399013
09:54:00,2473,0.7133306120325603,681,401.3007651559741,143,28.231089934484814,225466096#3_0,240.0,835030.3294522885,245.7417096681249
09:55:00,2303,0.8016772115964315,552,396.4742152466368,170,21.381774865991662,225466096#3_0,300.0,858963.7917521676,240.74097302471066
09:56:00,2135,0.9214346249104775,250,394.8340471092077,168,10.931372549019608,225466099#2_0,58.0,889592.100981091,238.11351739322566
09:57:00,1918,0.9906045009507021,129,396.2155325069567,217,5.0,-225470245#2_0,9.0,945308.87466322,239.1370793481457
09:58:00,1655,1.0353644220193607,53,401.44212523719165,263,15.0,1134398601#2_0,7.0,1020409.1640876632,242.0325341763907
09:59:00,1387,1.0533483148855418,17,409.72346119536127,268,10.0,-1134398602_0,4.0,1109582.8942865545,247.45381228513705
10:00:00,1123,1.0402935886794749,7,420.3032855939343,264,5.0,-225466081#2_0,3.0,1208302.7972020796,254.48668854298222
10:01:00,887,1.0035332561956245,8,431.653290529695,236,10.0,-180244645_0,3.0,1302479.0963593887,261.33208193406676
10:02:00,663,0.956103082911356,3,444.0552995391705,224,5.0,-225470265#1_0,1.0,1399282.0285320275,268.6793449562265
10:03:00,467,0.9012026479691133,0,456.239822353812,196,0.9302325581395349,:5431067234_0_0,0.0,1487067.463211335,275.1790272411797
10:04:00,313,0.8169297464489647,1,466.87297589060813,154,3.571428571428571,:2342378668_2_0,1.0,1558134.8252819893,280.34091854659755
10:05:00,201,0.7951392570930905,0,475.42857142857144,112,0.39603960396039606,:5431067224_0_0,0.0,1612179.8381554594,284.335068457753
10:06:00,118,0.7511063080328092,0,482.41960716148094,83,0.9132420091324202,:1906841229_3_0,0.0,1655102.3049840413,287.6937780260805
10:07:00,82,0.7211190663278403,0,485.76265330799794,36,0.22547914317925594,563616188#2_0,0.0,1675279.1546457773,289.3900768087368
10:08:00,57,0.7098946801758224,0,488.31785345717236,25,0.4008016032064128,:5444491624_7_0,0.0,1689294.386837829,290.5563100856259
10:09:00,27,0.7071505456295775,0,491.66324435318273,30,0.3232758620689655,:5431067225_0_0,0.0,1705597.2319577665,291.854420252869
10:10:00,7,0.6874479198666029,0,494.07912687585264,20,0.19801980198019803,:5431067224_0_0,0.0,1717068.607141665,292.8152467840493
10:11:00,4,0.6778910266395114,0,494.4707687063235,3,0.013957708144322702,-1134398611_0,0.0,1718877.3543806765,292.9738118937577
10:12:00,0,0,0,495.0332141032192,4,0,,0,1721584.8962324725,293.2353766364286
10:13:00,0,0,0,495.0332141032192,0,0,,0,1721584.8962324725,293.2353766364286
10:14:00,0,0,0,495.0332141032192,0,0,,0,1721584.8962324725,293.2353766364286
10:15:00,0,0,0,495.0332141032192,0,0,,0,1721584.8962324725,293.2353766364286
10:16:00,0,0,0,495.0332141032192,0,0,,0,1721584.8962324725,293.2353766364286
10:17:00,0,0,0,495.0332141032192,0,0,,0,1721584.8962324725,293.2353766364286
10:18:00,0,0,0,495.0332141032192,0,0,,0,1721584.8962324725,293.2353766364286
10:19:00,0,0,0,495.0332141032192,0,0,,0,1721584.8962324725,293.2353766364286
10:20:00,0,0,0,495.0332141032192,0,0,,0,1721584.8962324725,293.2353766364286
10:21:00,0,0,0,495.0332141032192,0,0,,0,1721584.8962324725,293.2353766364286
10:22:00,0,0,0,495.0332141032192,0,0,,0,1721584.8962324725,293.2353766364286
10:23:00,0,0,0,495.0332141032192,0,0,,0,1721584.8962324725,293.2353766364286
10:24:00,0,0,0,495.0332141032192,0,0,,0,1721584.8962324725,293.2353766364286
10:25:00,0,0,0,495.0332141032192,0,0,,0,1721584.8962324725,293.2353766364286
10:26:00,0,0,0,495.0332141032192,0,0,,0,1721584.8962324725,293.2353766364286
10:27:00,0,0,0,495.0332141032192,0,0,,0,1721584.8962324725,293.2353766364286
10:28:00,0,0,0,495.0332141032192,0,0,,0,1721584.8962324725,293.2353766364286
10:29:00,0,0,0,495.0332141032192,0,0,,0,1721584.8962324725,293.2353766364286
10:30:00,0,0,0,495.0332141032192,0,0,,0,1721584.8962324725,293.2353766364286
10:31:00,0,0,0,495.0332141032192,0,0,,0,1721584.8962324725,293.2353766364286
10:32:00,0,0,0,495.0332141032192,0,0,,0,1721584.8962324725,293.2353766364286
10:33:00,0,0,0,495.0332141032192,0,0,,0,1721584.8962324725,293.2353766364286
10:34:00,0,0,0,495.0332141032192,0,0,,0,1721584.8962324725,293.2353766364286
10:35:00,0,0,0,495.0332141032192,0,0,,0,1721584.8962324725,293.2353766364286
10:36:00,0,0,0,495.0332141032192,0,0,,0,1721584.8962324725,293.2353766364286
10:37:00,0,0,0,495.0332141032192,0,0,,0,1721584.8962324725,293.2353766364286
10:38:00,0,0,0,495.0332141032192,0,0,,0,1721584.8962324725,293.2353766364286
10:39:00,0,0,0,495.0332141032192,0,0,,0,1721584.8962324725,293.2353766364286
10:40:00,0,0,0,495.0332141032192,0,0,,0,1721584.8962324725,293.2353766364286
10:41:00,0,0,0,495.0332141032192,0,0,,0,1721584.8962324725,293.2353766364286
10:42:00,0,0,0,495.0332141032192,0,0,,0,1721584.8962324725,293.2353766364286
10:43:00,0,0,0,495.0332141032192,0,0,,0,1721584.8962324725,293.2353766364286
10:44:00,0,0,0,495.0332141032192,0,0,,0,1721584.8962324725,293.2353766364286
10:45:00,0,0,0,495.0332141032192,0,0,,0,1721584.8962324725,293.2353766364286
10:46:00,0,0,0,495.0332141032192,0,0,,0,1721584.8962324725,293.2353766364286
10:47:00,0,0,0,495.0332141032192,0,0,,0,1721584.8962324725,293.2353766364286
10:48:00,0,0,0,495.0332141032192,0,0,,0,1721584.8962324725,293.2353766364286
10:49:00,0,0,0,495.0332141032192,0,0,,0,1721584.8962324725,293.2353766364286
10:50:00,2522,0.0,0,495.0332141032192,0,40.44073853484217,225466096#3_0,0.0,1721584.8962324725,293.2353766364286
10:51:00,2200,0.4095716607455633,1284,472.4140158243178,322,28.40976771888029,225466096#3_0,60.0,1721584.8962324725,277.98884163288756
10:52:00,2172,0.6289387968833707,812,470.82784118308956,28,21.381774865991662,225466096#3_0,120.0,1722631.0960143772,276.90581835948836
10:53:00,2078,0.7829617478837012,483,466.49881235154396,94,15.008933889219774,225466096#3_0,180.0,1729745.0747414385,273.91054231851757
10:54:00,1918,0.889536587697093,294,460.9019305019305,160,10.0,-1134398602_0,240.0,1747496.1405555226,269.88357383096877
10:55:00,1743,1.032288760914674,100,456.66766917293234,175,15.0,-225466110#3_0,14.0,1772546.7198663435,266.5483789272697
10:56:00,1540,1.077423577221027,54,453.80417335473516,203,5.0,-1134398602_0,10.0,1812562.4745393046,264.49182468106005
10:57:00,1334,1.1103230787500211,11,452.81767955801104,206,5.0,-225470265#1_0,7.0,1871900.572579621,265.1792849666555
10:58:00,1124,1.0936325353338519,10,453.6029715229055,210,1.6666666666666665,-346382722#1_0,3.0,1941452.3215866643,267.0865760884117
10:59:00,911,1.0491661837542667,2,456.0625501202887,213,5.0,-225466081#2_0,2.0,2021243.159290955,270.1474417656983
11:00:00,699,1.0057287318948103,3,460.0285937093839,212,5.0,-1134398602_0,1.0,2109887.678819764,274.2250687314484
11:01:00,494,0.9053399250825778,1,465.21838207368023,205,5.0,-180244645_0,1.0,2196115.9199674763,278.0245499389133
11:02:00,341,0.8522833566244545,0,470.0596125186289,153,5.0,-778437843#0_0,0.0,2265539.5240723733,281.36357725687697
11:03:00,238,0.7913165499731378,0,473.9742489270386,103,0.9421265141318977,563616187#2_0,0.0,2316375.4651012267,284.04358860836624
11:04:00,151,0.7644262260292003,0,477.8379034214996,87,1.075268817204301,-1134398600#2_0,0.0,2359860.8705251534,286.3213868630373
11:05:00,100,0.7536594660146902,0,480.4341010490775,51,0.34602076124567477,563616188#3_0,0.0,2385951.080181952,287.7066297096288
11:06:00,49,0.7120643477496885,0,483.3652924256951,51,0.39603960396039606,:5431067224_0_0,0.0,2414092.695316909,289.32079282321536
11:07:00,24,0.7291569742863108,0,484.9683355239575,25,2.0833333333333335,-225485362#1_0,0.0,2428219.6984766847,290.14454516390066
11:08:00,14,0.7101459698929743,0,485.6784819190834,10,0.20986358866736624,:9941998815_1_0,0.0,2434503.2382036475,290.5481845331958
11:09:00,6,0.6725280217749675,0,486.3026111839752,8,0.32102728731942215,:10575648968_0_0,0.0,2440262.6608735044,290.95775138589534
11:10:00,4,0.6741133103969505,0,486.47276195017287,2,0.37523452157598497,:10575648965_6_0,0.0,2441771.2443090854,291.06821364990884
11:11:00,2,0.6360747508367552,0,486.65713264211655,2,0.14450867052023122,:2342378636_8_0,0.0,2443270.1634741137,291.17747151401664
11:12:00,2,0.6186151207490074,0,486.65713264211655,0,0.013957708144322702,-1134398611_0,0.0,2443270.1634741137,291.17747151401664
11:13:00,0,0,0,486.87001072322175,2,0,,0,2444782.852410078,291.28831793281046
11:14:00,0,0,0,486.87001072322175,0,0,,0,2444782.852410078,291.28831793281046
11:15:00,0,0,0,486.87001072322175,0,0,,0,2444782.852410078,291.28831793281046
11:16:00,0,0,0,486.87001072322175,0,0,,0,2444782.852410078,291.28831793281046
11:17:00,0,0,0,486.87001072322175,0,0,,0,2444782.852410078,291.28831793281046
11:18:00,0,0,0,486.87001072322175,0,0,,0,2444782.852410078,291.28831793281046
11:19:00,0,0,0,486.87001072322175,0,0,,0,2444782.852410078,291.28831793281046
11:20:00,0,0,0,486.87001072322175,0,0,,0,2444782.852410078,291.28831793281046
11:21:00,0,0,0,486.87001072322175,0,0,,0,2444782.852410078,291.28831793281046
11:22:00,0,0,0,486.87001072322175,0,0,,0,2444782.852410078,291.28831793281046
11:23:00,0,0,0,486.87001072322175,0,0,,0,2444782.852410078,291.28831793281046
11:24:00,0,0,0,486.87001072322175,0,0,,0,2444782.852410078,291.28831793281046
11:25:00,0,0,0,486.87001072322175,0,0,,0,2444782.852410078,291.28831793281046
11:26:00,0,0,0,486.87001072322175,0,0,,0,2444782.852410078,291.28831793281046
11:27:00,0,0,0,486.87001072322175,0,0,,0,2444782.852410078,291.28831793281046
11:28:00,0,0,0,486.87001072322175,0,0,,0,2444782.852410078,291.28831793281046
11:29:00,0,0,0,486.87001072322175,0,0,,0,2444782.852410078,291.28831793281046
11:30:00,0,0,0,486.87001072322175,0,0,,0,2444782.852410078,291.28831793281046
11:31:00,0,0,0,486.87001072322175,0,0,,0,2444782.852410078,291.28831793281046
11:32:00,0,0,0,486.87001072322175,0,0,,0,2444782.852410078,291.28831793281046
11:33:00,0,0,0,486.87001072322175,0,0,,0,2444782.852410078,291.28831793281046
11:34:00,0,0,0,486.87001072322175,0,0,,0,2444782.852410078,291.28831793281046
11:35:00,0,0,0,486.87001072322175,0,0,,0,2444782.852410078,291.28831793281046
11:36:00,0,0,0,486.87001072322175,0,0,,0,2444782.852410078,291.28831793281046
11:37:00,0,0,0,486.87001072322175,0,0,,0,2444782.852410078,291.28831793281046
11:38:00,0,0,0,486.87001072322175,0,0,,0,2444782.852410078,291.28831793281046
11:39:00,0,0,0,486.87001072322175,0,0,,0,2444782.852410078,291.28831793281046
11:40:00,0,0,0,486.87001072322175,0,0,,0,2444782.852410078,291.28831793281046
11:41:00,0,0,0,486.87001072322175,0,0,,0,2444782.852410078,291.28831793281046
11:42:00,0,0,0,486.87001072322175,0,0,,0,2444782.852410078,291.28831793281046
11:43:00,0,0,0,486.87001072322175,0,0,,0,2444782.852410078,291.28831793281046
11:44:00,0,0,0,486.87001072322175,0,0,,0,2444782.852410078,291.28831793281046
11:45:00,0,0,0,486.87001072322175,0,0,,0,2444782.852410078,291.28831793281046
11:46:00,0,0,0,486.87001072322175,0,0,,0,2444782.852410078,291.28831793281046
11:47:00,0,0,0,486.87001072322175,0,0,,0,2444782.852410078,291.28831793281046
11:48:00,0,0,0,486.87001072322175,0,0,,0,2444782.852410078,291.28831793281046
11:49:00,0,0,0,486.87001072322175,0,0,,0,2444782.852410078,291.28831793281046
11:50:00,2553,0.0,0,486.87001072322175,0,53.00774270399047,225466096#3_0,0.0,2444782.852410078,291.28831793281046
11:51:00,2294,0.36925923369754765,1404,474.09153952843275,259,41.15544967242406,225466096#3_0,60.0,2444782.852410078,282.56852200763734
11:52:00,2261,0.5660867191926446,935,472.7461139896373,33,34.603930911256704,225466096#3_0,120.0,2446171.041052263,281.6546967244978
11:53:00,2138,0.7032616397003293,634,468.65803814713894,123,27.99285288862418,225466096#3_0,180.0,2454486.8434559354,278.6656270953605
11:54:00,1994,0.7815597847708101,490,464.9798927613941,144,20.96486003573556,225466096#3_0,240.0,2469366.645443173,275.84524636317843
11:55:00,1823,0.8698044458854329,338,461.88753699440974,171,13.75818939845146,225466096#3_0,300.0,2494555.8861152353,273.4359186797364
11:56:00,1661,0.9971637058259252,103,460.10985460420034,162,10.0,-180244645_0,58.0,2529454.218290796,272.42371764036574
11:57:00,1481,1.0264730065574081,55,459.34706814580034,180,10.0,-180244645_0,7.0,2576724.7564856317,272.2371639181861
11:58:00,1269,1.0458127995011655,15,459.799524646068,212,5.0,225470245#2_0,3.0,2645474.9087999086,273.3775869380912
11:59:00,1055,1.0228258828171457,9,461.534728541098,214,5.0,-225466081#3_0,1.0,2722427.3164827526,275.242879029699
12:00:00,841,0.988510626130308,4,464.4670954972786,214,5.0,-225470265#1_0,2.0,2801182.79916362,277.2076001151529
12:01:00,655,0.9297061614907397,2,468.00116606743757,186,3.571428571428571,:2342378668_2_0,1.0,2881513.614201023,280.00326636877105
12:02:00,509,0.9043203073312971,0,471.52630066110953,146,5.0,-225470265#1_0,0.0,2945301.4031496895,282.1980840423196
12:03:00,336,0.8402259548749789,0,476.55607917059376,173,1.01010101010101,:2342415509_3_0,0.0,3024153.2196354764,285.0285786649836
12:04:00,242,0.7894993549947011,1,479.74775784753365,94,0.9823182711198428,:8549651553_1_0,1.0,3069273.5817561983,286.74080547049687
12:05:00,144,0.7639008528028091,0,483.56045176819106,98,1.075268817204301,-1134398600#2_0,0.0,3119308.7421718626,288.7714073478858
12:06:00,103,0.7493494758753495,0,485.36198469058377,41,0.4509582863585119,563616188#2_0,0.0,3141606.620819539,289.735923712952
12:07:00,62,0.7451050596438652,0,487.37596471885337,41,0.4310344827586207,:5431067225_0_0,0.0,3164183.8290403737,290.7188376553081
12:08:00,27,0.7448865381995992,0,489.2755746863266,35,0.16051364365971107,:10575648968_0_0,0.0,3183894.0243780822,291.59208942010093
12:09:00,13,0.678794255959787,0,490.1088447818531,14,0.11534025374855825,563616188#3_0,0.0,3192035.9758837316,291.9634113128813
12:10:00,5,0.6794454923042577,0,490.62791335344116,8,0.07225433526011561,:2342378636_8_0,0.0,3196832.0938166007,292.18829118148255
12:11:00,3,0.6224496222734263,0,490.76852782600747,2,0.07225433526011561,:2342378636_8_0,0.0,3197835.7607269045,292.22660702978203
12:12:00,1,0.6609480846058934,0,490.9200548195523,2,0.006978854072161351,-1134398611_0,0.0,3199377.7272643587,292.3140911159761
12:13:00,0,0,0,491.0012790060296,1,0,,0,3200144.2540993304,292.3574140415979
12:14:00,0,0,0,491.0012790060296,0,0,,0,3200144.2540993304,292.3574140415979
12:15:00,0,0,0,491.0012790060296,0,0,,0,3200144.2540993304,292.3574140415979
12:16:00,0,0,0,491.0012790060296,0,0,,0,3200144.2540993304,292.3574140415979
12:17:00,0,0,0,491.0012790060296,0,0,,0,3200144.2540993304,292.3574140415979
12:18:00,0,0,0,491.0012790060296,0,0,,0,3200144.2540993304,292.3574140415979
12:19:00,0,0,0,491.0012790060296,0,0,,0,3200144.2540993304,292.3574140415979
12:20:00,0,0,0,491.0012790060296,0,0,,0,3200144.2540993304,292.3574140415979
12:21:00,0,0,0,491.0012790060296,0,0,,0,3200144.2540993304,292.3574140415979
12:22:00,0,0,0,491.0012790060296,0,0,,0,3200144.2540993304,292.3574140415979
12:23:00,0,0,0,491.0012790060296,0,0,,0,3200144.2540993304,292.3574140415979
12:24:00,0,0,0,491.0012790060296,0,0,,0,3200144.2540993304,292.3574140415979
12:25:00,0,0,0,491.0012790060296,0,0,,0,3200144.2540993304,292.3574140415979
12:26:00,0,0,0,491.0012790060296,0,0,,0,3200144.2540993304,292.3574140415979
12:27:00,0,0,0,491.0012790060296,0,0,,0,3200144.2540993304,292.3574140415979
12:28:00,0,0,0,491.0012790060296,0,0,,0,3200144.2540993304,292.3574140415979
12:29:00,0,0,0,491.0012790060296,0,0,,0,3200144.2540993304,292.3574140415979
12:30:00,0,0,0,491.0012790060296,0,0,,0,3200144.2540993304,292.3574140415979
12:31:00,0,0,0,491.0012790060296,0,0,,0,3200144.2540993304,292.3574140415979
12:32:00,0,0,0,491.0012790060296,0,0,,0,3200144.2540993304,292.3574140415979
12:33:00,0,0,0,491.0012790060296,0,0,,0,3200144.2540993304,292.3574140415979
12:34:00,0,0,0,491.0012790060296,0,0,,0,3200144.2540993304,292.3574140415979
12:35:00,0,0,0,491.0012790060296,0,0,,0,3200144.2540993304,292.3574140415979
12:36:00,0,0,0,491.0012790060296,0,0,,0,3200144.2540993304,292.3574140415979
12:37:00,0,0,0,491.0012790060296,0,0,,0,3200144.2540993304,292.3574140415979
12:38:00,0,0,0,491.0012790060296,0,0,,0,3200144.2540993304,292.3574140415979
12:39:00,0,0,0,491.0012790060296,0,0,,0,3200144.2540993304,292.3574140415979
12:40:00,0,0,0,491.0012790060296,0,0,,0,3200144.2540993304,292.3574140415979
12:41:00,0,0,0,491.0012790060296,0,0,,0,3200144.2540993304,292.3574140415979
12:42:00,0,0,0,491.0012790060296,0,0,,0,3200144.2540993304,292.3574140415979
12:43:00,0,0,0,491.0012790060296,0,0,,0,3200144.2540993304,292.3574140415979
12:44:00,0,0,0,491.0012790060296,0,0,,0,3200144.2540993304,292.3574140415979
12:45:00,0,0,0,491.0012790060296,0,0,,0,3200144.2540993304,292.3574140415979
12:46:00,0,0,0,491.0012790060296,0,0,,0,3200144.2540993304,292.3574140415979
12:47:00,0,0,0,491.0012790060296,0,0,,0,3200144.2540993304,292.3574140415979
12:48:00,0,0,0,491.0012790060296,0,0,,0,3200144.2540993304,292.3574140415979
12:49:00,0,0,0,491.0012790060296,0,0,,0,3200144.2540993304,292.3574140415979
12:50:00,2927,0.0,0,491.0012790060296,0,53.78201310303753,225466096#3_0,0.0,3200144.2540993304,292.3574140415979
12:51:00,2610,0.33515182051198816,1669,478.87063837343516,317,41.63192376414533,225466096#3_0,60.0,3200144.2540993304,284.1289402556451
12:52:00,2575,0.5697576336575334,970,477.75889537971324,35,34.72304943418702,225466096#3_0,120.0,3201475.606283452,283.36657871158184
12:53:00,2483,0.6858683383031557,675,475.3538191395961,92,27.873734365693867,225466096#3_0,180.0,3207730.3703348613,281.626898185677
12:54:00,2335,0.7723452627703936,491,472.33489339573583,148,21.14353782013103,225466096#3_0,240.0,3222355.9425445287,279.28201963464454
12:55:00,2117,0.8931321673979329,311,469.13916298060565,218,13.579511614055987,225466096#3_0,300.0,3250654.1395496014,276.51021942408994
12:56:00,1934,1.0459550422539627,66,467.46628695870675,183,6.756756756756757,:2342378668_0_0,46.0,3286813.066904026,275.30053328620704
12:57:00,1742,1.0850812775035998,8,466.7150276152007,192,5.0,-225470262#0_0,3.0,3333668.6176056415,274.8057553050566
12:58:00,1527,1.0804254124160262,7,466.94637939413576,215,10.0,-180244645_0,1.0,3398400.5924073765,275.26329113942785
12:59:00,1301,1.0516077178052836,12,468.2596245625199,226,5.0,-225470265#1_0,3.0,3475285.0021679783,276.4305601469916
13:00:00,1071,1.0155143744106558,1,470.6264646149039,230,5.0,-180244645_0,4.0,3565166.8388776737,278.48514598325835
13:01:00,842,0.9637287777250493,3,473.9544163916814,229,15.0,-1134398602_0,2.0,3668030.8644898757,281.4849869150392
13:02:00,641,0.9142757036302044,2,477.69195888754535,201,5.0,-225466081#3_0,1.0,3762770.2753197527,284.3689748579015
13:03:00,466,0.8818252059630535,1,481.6379503244574,175,5.0,-1134398602_0,1.0,3851452.9862028793,287.27179728521514
13:04:00,332,0.8346229597070052,2,485.18425522487263,134,3.571428571428571,:2342378668_2_0,1.0,3922176.511765615,289.6519098859475
13:05:00,233,0.788494788659596,2,488.1950146627566,99,0.7032348804500703,:5602981520_1_0,1.0,3977547.0331888665,291.6090200285093
13:06:00,157,0.7563963280708198,1,490.8092738407699,76,5.0,-225466081#2_0,1.0,4021812.370271018,293.2204994364988
13:07:00,104,0.7421068023690763,1,492.8462488198126,53,1.075268817204301,-1134398600#2_0,1.0,4051727.730653948,294.26448766460516
13:08:00,66,0.7416348296458309,0,494.46222930397624,38,0.5791505791505792,:3762648117_9_0,0.0,4074324.4875589623,295.0912209429248
13:09:00,41,0.7179218982285599,0,495.628976286871,25,0.2232142857142857,:2342378412_5_0,0.0,4090431.405467433,295.72233989787685
13:10:00,23,0.7190815271582365,0,496.54440433212994,18,0.21097046413502107,:2342378290_1_0,0.0,4103530.328118053,296.2837782034695
13:11:00,9,0.6565151489925911,0,497.31534910559725,14,0.1984126984126984,-1134398596#1_0,0.0,4113791.6167756394,296.724727118843
13:12:00,5,0.6427389063265727,0,497.5526391693106,4,0.11160714285714285,:2342378412_5_0,0.0,4116837.6095085726,296.8587834949937
13:13:00,2,0.6428636089716291,0,497.74349361978227,3,0.013957708144322702,-1134398611_0,0.0,4119128.6393946204,296.95974618950476
13:14:00,0,0,0,497.879333958048,2,0,,0,4120675.098229961,297.0284075708182
13:15:00,0,0,0,497.879333958048,0,0,,0,4120675.098229961,297.0284075708182
13:16:00,0,0,0,497.879333958048,0,0,,0,4120675.098229961,297.0284075708182
13:17:00,0,0,0,497.879333958048,0,0,,0,4120675.098229961,297.0284075708182
13:18:00,0,0,0,497.879333958048,0,0,,0,4120675.098229961,297.0284075708182
13:19:00,0,0,0,497.879333958048,0,0,,0,4120675.098229961,297.0284075708182
13:20:00,0,0,0,497.879333958048,0,0,,0,4120675.098229961,297.0284075708182
13:21:00,0,0,0,497.879333958048,0,0,,0,4120675.098229961,297.0284075708182
13:22:00,0,0,0,497.879333958048,0,0,,0,4120675.098229961,297.0284075708182
13:23:00,0,0,0,497.879333958048,0,0,,0,4120675.098229961,297.0284075708182
13:24:00,0,0,0,497.879333958048,0,0,,0,4120675.098229961,297.0284075708182
13:25:00,0,0,0,497.879333958048,0,0,,0,4120675.098229961,297.0284075708182
13:26:00,0,0,0,497.879333958048,0,0,,0,4120675.098229961,297.0284075708182
13:27:00,0,0,0,497.879333958048,0,0,,0,4120675.098229961,297.0284075708182
13:28:00,0,0,0,497.879333958048,0,0,,0,4120675.098229961,297.0284075708182
13:29:00,0,0,0,497.879333958048,0,0,,0,4120675.098229961,297.0284075708182
13:30:00,0,0,0,497.879333958048,0,0,,0,4120675.098229961,297.0284075708182
13:31:00,0,0,0,497.879333958048,0,0,,0,4120675.098229961,297.0284075708182
13:32:00,0,0,0,497.879333958048,0,0,,0,4120675.098229961,297.0284075708182
13:33:00,0,0,0,497.879333958048,0,0,,0,4120675.098229961,297.0284075708182
13:34:00,0,0,0,497.879333958048,0,0,,0,4120675.098229961,297.0284075708182
13:35:00,0,0,0,497.879333958048,0,0,,0,4120675.098229961,297.0284075708182
13:36:00,0,0,0,497.879333958048,0,0,,0,4120675.098229961,297.0284075708182
13:37:00,0,0,0,497.879333958048,0,0,,0,4120675.098229961,297.0284075708182
13:38:00,0,0,0,497.879333958048,0,0,,0,4120675.098229961,297.0284075708182
13:39:00,0,0,0,497.879333958048,0,0,,0,4120675.098229961,297.0284075708182
13:40:00,0,0,0,497.879333958048,0,0,,0,4120675.098229961,297.0284075708182
13:41:00,0,0,0,497.879333958048,0,0,,0,4120675.098229961,297.0284075708182
13:42:00,0,0,0,497.879333958048,0,0,,0,4120675.098229961,297.0284075708182
13:43:00,0,0,0,497.879333958048,0,0,,0,4120675.098229961,297.0284075708182
13:44:00,0,0,0,497.879333958048,0,0,,0,4120675.098229961,297.0284075708182
13:45:00,0,0,0,497.879333958048,0,0,,0,4120675.098229961,297.0284075708182
13:46:00,0,0,0,497.879333958048,0,0,,0,4120675.098229961,297.0284075708182
13:47:00,0,0,0,497.879333958048,0,0,,0,4120675.098229961,297.0284075708182
13:48:00,0,0,0,497.879333958048,0,0,,0,4120675.098229961,297.0284075708182
13:49:00,0,0,0,497.879333958048,0,0,,0,4120675.098229961,297.0284075708182
13:50:00,3414,0.0,0,497.879333958048,0,44.72900536033353,225466096#3_0,0.0,4120675.098229961,297.0284075708182
13:51:00,3020,0.28869765079898896,2087,485.7867806826943,394,33.353186420488385,225466096#3_0,60.0,4120675.098229961,288.82561843624876
13:52:00,2996,0.5528085768108965,1275,485.17248618011337,24,26.265634306134604,225466096#3_0,120.0,4121474.0458175354,288.39647651091843
13:53:00,2921,0.6633751093499818,875,483.5792844215509,75,19.53543776057177,225466096#3_0,180.0,4126831.9573287563,287.2638143762186
13:54:00,2753,0.7300703628728059,600,480.7637264345672,168,12.447885646217987,225466096#3_0,240.0,4144197.8233265136,285.1381466441801
13:55:00,2580,0.8704652000696971,329,478.63738355884954,173,7.545164718384697,:8549651553_7_0,300.0,4167901.6674700635,283.39577530904086
13:56:00,2360,0.9638881989238957,212,476.88885911435653,220,6.16365568544102,:12625990039_1_0,13.0,4207321.634902195,281.859826817324
13:57:00,2140,1.0002846249839523,135,476.06258665082197,220,10.0,-180244645_0,7.0,4263444.712139285,281.4712294275622
13:58:00,1909,1.0344241570268369,57,476.1217323449083,231,10.0,-225470265#1_0,9.0,4334129.101692685,281.83958263055564
13:59:00,1678,1.0392274089907654,49,477.067076686527,231,15.0,-225470245#2_0,7.0,4414350.667154813,282.8080381289521
14:00:00,1425,1.0602136178814667,19,479.0278653385449,253,5.0,-225466081#3_0,5.0,4514907.522402158,284.63671178931776
14:01:00,1168,1.0319804374344954,9,481.9132700539736,257,5.0,-180244645_0,3.0,4628182.758833562,287.12592337201824
14:02:00,896,0.9821792662426546,4,485.86419376487095,272,5.0,-225466110#3_0,1.0,4758141.154563554,290.28986361805585
14:03:00,644,0.9256076434762134,8,490.31785134891544,252,7.142857142857142,:2342378668_2_0,1.0,4875685.128418649,292.95710679677035
14:04:00,447,0.8845494839563632,0,494.4085510688836,197,0.9900990099009901,:5431067224_0_0,0.0,4971610.492495296,295.2262762764427
14:05:00,300,0.8340721941669313,0,497.9184081945017,147,5.0,-225466081#2_0,0.0,5047008.590282575,297.11006006255224
14:06:00,188,0.8141113884344172,1,500.94508450786594,112,1.1627906976744187,225485340#1_0,1.0,5106847.023922234,298.66349049197225
14:07:00,111,0.7674678722384951,0,503.27200745225895,77,5.0,-225466110#3_0,0.0,5150670.890308759,299.87604158760826
14:08:00,66,0.7320406510221485,0,504.7790488357238,45,5.0,-1134398602_0,0.0,5178819.618236656,300.7269971683791
14:09:00,37,0.6830820264616164,0,505.8469565217391,29,5.0,-1134398602_0,0.0,5197248.294191109,301.2897561849918
14:10:00,22,0.688480825842534,0,506.4500434404865,15,0.2242152466367713,1046388837#1_0,0.0,5207595.245460337,301.62729484276497
14:11:00,13,0.6735559911923239,0,506.8426536992011,9,0.20986358866736624,:9941998815_1_0,0.0,5214131.712554995,301.84854188693964
14:12:00,7,0.6685419062998302,0,507.125,6,0.10775862068965518,:5431067225_0_0,0.0,5218581.311899166,302.001233327498
14:13:00,0,0,0,507.47845201596573,7,0,,0,5223951.878253848,302.1896152168594
14:14:00,0,0,0,507.47845201596573,0,0,,0,5223951.878253848,302.1896152168594
14:15:00,0,0,0,507.47845201596573,0,0,,0,5223951.878253848,302.1896152168594
14:16:00,0,0,0,507.47845201596573,0,0,,0,5223951.878253848,302.1896152168594
14:17:00,0,0,0,507.47845201596573,0,0,,0,5223951.878253848,302.1896152168594
14:18:00,0,0,0,507.47845201596573,0,0,,0,5223951.878253848,302.1896152168594
14:19:00,0,0,0,507.47845201596573,0,0,,0,5223951.878253848,302.1896152168594
14:20:00,0,0,0,507.47845201596573,0,0,,0,5223951.878253848,302.1896152168594
14:21:00,0,0,0,507.47845201596573,0,0,,0,5223951.878253848,302.1896152168594
14:22:00,0,0,0,507.47845201596573,0,0,,0,5223951.878253848,302.1896152168594
14:23:00,0,0,0,507.47845201596573,0,0,,0,5223951.878253848,302.1896152168594
14:24:00,0,0,0,507.47845201596573,0,0,,0,5223951.878253848,302.1896152168594
14:25:00,0,0,0,507.47845201596573,0,0,,0,5223951.878253848,302.1896152168594
14:26:00,0,0,0,507.47845201596573,0,0,,0,5223951.878253848,302.1896152168594
14:27:00,0,0,0,507.47845201596573,0,0,,0,5223951.878253848,302.1896152168594
14:28:00,0,0,0,507.47845201596573,0,0,,0,5223951.878253848,302.1896152168594
14:29:00,0,0,0,507.47845201596573,0,0,,0,5223951.878253848,302.1896152168594
14:30:00,0,0,0,507.47845201596573,0,0,,0,5223951.878253848,302.1896152168594
14:31:00,0,0,0,507.47845201596573,0,0,,0,5223951.878253848,302.1896152168594
14:32:00,0,0,0,507.47845201596573,0,0,,0,5223951.878253848,302.1896152168594
14:33:00,0,0,0,507.47845201596573,0,0,,0,5223951.878253848,302.1896152168594
14:34:00,0,0,0,507.47845201596573,0,0,,0,5223951.878253848,302.1896152168594
14:35:00,0,0,0,507.47845201596573,0,0,,0,5223951.878253848,302.1896152168594
14:36:00,0,0,0,507.47845201596573,0,0,,0,5223951.878253848,302.1896152168594
14:37:00,0,0,0,507.47845201596573,0,0,,0,5223951.878253848,302.1896152168594
14:38:00,0,0,0,507.47845201596573,0,0,,0,5223951.878253848,302.1896152168594
14:39:00,0,0,0,507.47845201596573,0,0,,0,5223951.878253848,302.1896152168594
14:40:00,0,0,0,507.47845201596573,0,0,,0,5223951.878253848,302.1896152168594
14:41:00,0,0,0,507.47845201596573,0,0,,0,5223951.878253848,302.1896152168594
14:42:00,0,0,0,507.47845201596573,0,0,,0,5223951.878253848,302.1896152168594
14:43:00,0,0,0,507.47845201596573,0,0,,0,5223951.878253848,302.1896152168594
14:44:00,0,0,0,507.47845201596573,0,0,,0,5223951.878253848,302.1896152168594
14:45:00,0,0,0,507.47845201596573,0,0,,0,5223951.878253848,302.1896152168594
14:46:00,0,0,0,507.47845201596573,0,0,,0,5223951.878253848,302.1896152168594
14:47:00,0,0,0,507.47845201596573,0,0,,0,5223951.878253848,302.1896152168594
14:48:00,0,0,0,507.47845201596573,0,0,,0,5223951.878253848,302.1896152168594
14:49:00,0,0,0,507.47845201596573,0,0,,0,5223951.878253848,302.1896152168594
14:50:00,2503,0.0,0,507.47845201596573,0,52.59082787373437,225466096#3_0,0.0,5223951.878253848,302.1896152168594
14:51:00,2201,0.366863641552069,1370,499.7953266245949,302,40.91721262656343,225466096#3_0,60.0,5223951.878253848,297.00107329887135
14:52:00,2173,0.554552182654988,943,499.191689845036,28,34.306134603930914,225466096#3_0,120.0,5225084.814453103,296.5933368026964
14:53:00,2090,0.6831258536104838,681,497.6949152542373,83,27.69505658129839,225466096#3_0,180.0,5231038.759054548,295.53891294093495
14:54:00,1957,0.7920167188721728,493,495.7730051028991,133,20.36926742108398,225466096#3_0,240.0,5245242.06112566,294.131220833604
14:55:00,1819,0.8676582649232149,358,494.26965666907796,138,13.341274568195354,225466096#3_0,300.0,5267370.853967368,293.1039371191012
14:56:00,1667,1.0259851824593762,101,493.1435192848866,152,5.405405405405405,:2342378668_0_0,41.0,5300872.888234805,292.4942276794573
14:57:00,1462,1.0484250659014378,46,492.3254037538193,205,5.0,-225466110#3_0,7.0,5355000.692982098,292.17594352804986
14:58:00,1236,1.086496370950445,19,492.17527217850596,226,5.0,-1134398602_0,4.0,5424930.483364496,292.3860344596581
14:59:00,1006,1.0658172019119099,4,492.76086030664396,230,5.0,-225466081#2_0,2.0,5505603.442375123,293.1006943342804
15:00:00,830,1.029481103547435,1,493.75632911392404,176,5.0,-225470265#1_0,3.0,5576315.70540076,294.1094781329515
15:01:00,634,0.9865593083021287,1,495.457297974525,196,5.0,-225470265#1_0,1.0,5654830.724402018,295.19893111307255
15:02:00,449,0.9192091998917092,1,497.6050876376609,185,5.0,-1134398602_0,1.0,5735439.7205038965,296.5430805286126
15:03:00,267,0.8417664081774513,2,500.2376683911284,182,1.4893617021276595,:12625990043_3_0,1.0,5817374.221818653,297.97542497662516
15:04:00,170,0.8060743358528929,0,501.91743119266056,97,0.672645739910314,1046388837#1_0,0.0,5864077.05358879,298.8826225070739
15:05:00,108,0.7715269300846002,0,503.17142566812316,62,5.0,-778437843#0_0,0.0,5895718.482819537,299.5487492541173
15:06:00,61,0.7556029354709305,0,504.2597191950935,47,0.4444444444444444,-1134398600#1_0,0.0,5919472.222113169,300.03914147261236
15:07:00,37,0.7123412678482978,0,504.8863463777654,24,0.22831050228310504,:1906841229_3_0,0.0,5932413.053732238,300.3297247877405
15:08:00,26,0.6941812400710907,0,505.2064359441409,11,0.23255813953488372,:5431067234_0_0,0.0,5938052.132537268,300.4478917495076
15:09:00,12,0.6709452107551379,0,505.6557791485489,14,0.29615004935834155,-563602516_0,0.0,5946393.629158192,300.6569738678427
15:10:00,2,0.6392416172771836,0,506.0066707095209,10,0.09871668311944717,-563602516_0,0.0,5952345.7497002985,300.80582927533345
15:11:00,1,0.7069571581071452,0,506.0447723482743,1,0.11160714285714285,:2342378412_5_0,0.0,5953092.470759462,300.82836276514536
15:12:00,1,0.6216087377591875,0,506.0447723482743,0,0.006978854072161351,-1134398611_0,0.0,5953092.470759462,300.82836276514536
15:13:00,0,0,0,506.088933804952,1,0,,0,5953872.045046367,300.8525540700539
15:14:00,0,0,0,506.088933804952,0,0,,0,5953872.045046367,300.8525540700539
15:15:00,0,0,0,506.088933804952,0,0,,0,5953872.045046367,300.8525540700539
15:16:00,0,0,0,506.088933804952,0,0,,0,5953872.045046367,300.8525540700539
15:17:00,0,0,0,506.088933804952,0,0,,0,5953872.045046367,300.8525540700539
15:18:00,0,0,0,506.088933804952,0,0,,0,5953872.045046367,300.8525540700539
15:19:00,0,0,0,506.088933804952,0,0,,0,5953872.045046367,300.8525540700539
15:20:00,0,0,0,506.088933804952,0,0,,0,5953872.045046367,300.8525540700539
15:21:00,0,0,0,506.088933804952,0,0,,0,5953872.045046367,300.8525540700539
15:22:00,0,0,0,506.088933804952,0,0,,0,5953872.045046367,300.8525540700539
15:23:00,0,0,0,506.088933804952,0,0,,0,5953872.045046367,300.8525540700539
15:24:00,0,0,0,506.088933804952,0,0,,0,5953872.045046367,300.8525540700539
15:25:00,0,0,0,506.088933804952,0,0,,0,5953872.045046367,300.8525540700539
15:26:00,0,0,0,506.088933804952,0,0,,0,5953872.045046367,300.8525540700539
15:27:00,0,0,0,506.088933804952,0,0,,0,5953872.045046367,300.8525540700539
15:28:00,0,0,0,506.088933804952,0,0,,0,5953872.045046367,300.8525540700539
15:29:00,0,0,0,506.088933804952,0,0,,0,5953872.045046367,300.8525540700539
15:30:00,0,0,0,506.088933804952,0,0,,0,5953872.045046367,300.8525540700539
15:31:00,0,0,0,506.088933804952,0,0,,0,5953872.045046367,300.8525540700539
15:32:00,0,0,0,506.088933804952,0,0,,0,5953872.045046367,300.8525540700539
15:33:00,0,0,0,506.088933804952,0,0,,0,5953872.045046367,300.8525540700539
15:34:00,0,0,0,506.088933804952,0,0,,0,5953872.045046367,300.8525540700539
15:35:00,0,0,0,506.088933804952,0,0,,0,5953872.045046367,300.8525540700539
15:36:00,0,0,0,506.088933804952,0,0,,0,5953872.045046367,300.8525540700539
15:37:00,0,0,0,506.088933804952,0,0,,0,5953872.045046367,300.8525540700539
15:38:00,0,0,0,506.088933804952,0,0,,0,5953872.045046367,300.8525540700539
15:39:00,0,0,0,506.088933804952,0,0,,0,5953872.045046367,300.8525540700539
15:40:00,0,0,0,506.088933804952,0,0,,0,5953872.045046367,300.8525540700539
15:41:00,0,0,0,506.088933804952,0,0,,0,5953872.045046367,300.8525540700539
15:42:00,0,0,0,506.088933804952,0,0,,0,5953872.045046367,300.8525540700539
15:43:00,0,0,0,506.088933804952,0,0,,0,5953872.045046367,300.8525540700539
15:44:00,0,0,0,506.088933804952,0,0,,0,5953872.045046367,300.8525540700539
15:45:00,0,0,0,506.088933804952,0,0,,0,5953872.045046367,300.8525540700539
15:46:00,0,0,0,506.088933804952,0,0,,0,5953872.045046367,300.8525540700539
15:47:00,0,0,0,506.088933804952,0,0,,0,5953872.045046367,300.8525540700539
15:48:00,0,0,0,506.088933804952,0,0,,0,5953872.045046367,300.8525540700539
15:49:00,0,0,0,506.088933804952,0,0,,0,5953872.045046367,300.8525540700539
15:50:00,2509,0.0,0,506.088933804952,0,54.97319833234068,225466096#3_0,0.0,5953872.045046367,300.8525540700539
15:51:00,2215,0.40213927438211244,1302,499.5588528181637,294,42.64443120905301,225466096#3_0,60.0,5953872.045046367,296.4485184747245
15:52:00,2180,0.6064750356835337,829,498.89855360604406,35,35.7355568790947,225466096#3_0,120.0,5955324.901913205,296.00501525489364
15:53:00,2092,0.7426139837189265,551,497.50977384074827,88,28.528886241810604,225466096#3_0,180.0,5961558.512251059,295.02442283619826
15:54:00,1953,0.8014797532418261,465,495.7505160719552,139,21.322215604526505,225466096#3_0,240.0,5976605.6951912325,293.74843680287194
15:55:00,1842,0.9032323766121667,327,494.6883707288459,111,14.651578320428827,225466096#3_0,300.0,5993037.864371733,292.95780732129504
15:56:00,1699,1.0585532774311797,83,493.7533980582524,143,15.0,-180244645_0,55.0,6023983.04732295,292.42636152053154
15:57:00,1489,1.0998967866619855,28,493.00913022585297,210,5.214723926380368,:2342415677_6_0,6.0,6078416.227965811,292.09112099787654
15:58:00,1256,1.1071800352806505,7,492.8650857767429,233,10.0,-180244645_0,9.0,6149214.620781702,292.2213857711211
15:59:00,1039,1.0897563670599528,4,493.346190028222,217,5.0,-225466081#2_0,1.0,6229529.471948892,293.01643800324047
16:00:00,823,1.0457347599637716,2,494.4188861985472,216,10.0,-225466081#2_0,1.0,6314855.747762698,294.0424542634894
16:01:00,603,0.9779757389630959,4,496.0978982300885,220,5.0,-225466110#3_0,2.0,6409878.895435596,295.4405833073191
16:02:00,423,0.8906944105045353,3,497.9402084476138,180,5.0,-1134398602_0,1.0,6493646.351728017,296.8388348751151
16:03:00,299,0.8481147850225211,1,499.53,124,5.0,225470245#2_0,1.0,6552994.713771538,297.86339608052447
16:04:00,202,0.8106374170974877,0,501.024573471512,97,5.0,-225466110#3_0,0.0,6602081.780090703,298.77729013398664
16:05:00,142,0.7671384279029068,0,502.10497811075504,60,0.425531914893617,:12625990041_3_0,0.0,6634368.350344324,299.42538928304026
16:06:00,101,0.7382315585952676,0,502.950716280746,41,5.0,-225466081#2_0,0.0,6656394.509186275,299.8646053331956
16:07:00,67,0.7270817206066992,0,503.74145376034545,34,0.4444444444444444,-1134398600#1_0,0.0,6675409.6102470225,300.26131748142416
16:08:00,40,0.7011947665865773,1,504.4404510535064,27,5.0,-1134398602_0,1.0,6690775.6852166625,300.58743363208873
16:09:00,19,0.6854362572203392,0,505.0394973070018,21,0.4048582995951417,:5257043612_0_0,0.0,6703215.730972012,300.86246548348345
16:10:00,10,0.6539647855375739,0,505.32011306025396,9,0.11627906976744186,:5431067234_0_0,0.0,6709102.0995029425,301.00507422957253
16:11:00,7,0.6653054543478539,0,505.4216759375561,3,0.19801980198019803,:5431067224_0_0,0.0,6711160.942193573,301.05692365842333
16:12:00,3,0.6272978656364973,0,505.56781485468247,4,0.2232142857142857,:2342378412_5_0,0.0,6714028.260730642,301.1315151027378
16:13:00,2,0.592501015659693,0,505.60703233618875,1,0.013957708144322702,-1134398611_0,0.0,6714813.844466144,301.1532423405007
16:14:00,0,0,0,505.6908381541773,2,0,,0,6716394.924607212,301.19713550415764
16:15:00,0,0,0,505.6908381541773,0,0,,0,6716394.924607212,301.19713550415764
16:16:00,0,0,0,505.6908381541773,0,0,,0,6716394.924607212,301.19713550415764
16:17:00,0,0,0,505.6908381541773,0,0,,0,6716394.924607212,301.19713550415764
16:18:00,0,0,0,505.6908381541773,0,0,,0,6716394.924607212,301.19713550415764
16:19:00,0,0,0,505.6908381541773,0,0,,0,6716394.924607212,301.19713550415764
16:20:00,0,0,0,505.6908381541773,0,0,,0,6716394.924607212,301.19713550415764
16:21:00,0,0,0,505.6908381541773,0,0,,0,6716394.924607212,301.19713550415764
16:22:00,0,0,0,505.6908381541773,0,0,,0,6716394.924607212,301.19713550415764
16:23:00,0,0,0,505.6908381541773,0,0,,0,6716394.924607212,301.19713550415764
16:24:00,0,0,0,505.6908381541773,0,0,,0,6716394.924607212,301.19713550415764
16:25:00,0,0,0,505.6908381541773,0,0,,0,6716394.924607212,301.19713550415764
16:26:00,0,0,0,505.6908381541773,0,0,,0,6716394.924607212,301.19713550415764
16:27:00,0,0,0,505.6908381541773,0,0,,0,6716394.924607212,301.19713550415764
16:28:00,0,0,0,505.6908381541773,0,0,,0,6716394.924607212,301.19713550415764
16:29:00,0,0,0,505.6908381541773,0,0,,0,6716394.924607212,301.19713550415764
16:30:00,0,0,0,505.6908381541773,0,0,,0,6716394.924607212,301.19713550415764
16:31:00,0,0,0,505.6908381541773,0,0,,0,6716394.924607212,301.19713550415764
16:32:00,0,0,0,505.6908381541773,0,0,,0,6716394.924607212,301.19713550415764
16:33:00,0,0,0,505.6908381541773,0,0,,0,6716394.924607212,301.19713550415764
16:34:00,0,0,0,505.6908381541773,0,0,,0,6716394.924607212,301.19713550415764
16:35:00,0,0,0,505.6908381541773,0,0,,0,6716394.924607212,301.19713550415764
16:36:00,0,0,0,505.6908381541773,0,0,,0,6716394.924607212,301.19713550415764
16:37:00,0,0,0,505.6908381541773,0,0,,0,6716394.924607212,301.19713550415764
16:38:00,0,0,0,505.6908381541773,0,0,,0,6716394.924607212,301.19713550415764
16:39:00,0,0,0,505.6908381541773,0,0,,0,6716394.924607212,301.19713550415764
16:40:00,0,0,0,505.6908381541773,0,0,,0,6716394.924607212,301.19713550415764
16:41:00,0,0,0,505.6908381541773,0,0,,0,6716394.924607212,301.19713550415764
16:42:00,0,0,0,505.6908381541773,0,0,,0,6716394.924607212,301.19713550415764
16:43:00,0,0,0,505.6908381541773,0,0,,0,6716394.924607212,301.19713550415764
16:44:00,0,0,0,505.6908381541773,0,0,,0,6716394.924607212,301.19713550415764
16:45:00,0,0,0,505.6908381541773,0,0,,0,6716394.924607212,301.19713550415764
16:46:00,0,0,0,505.6908381541773,0,0,,0,6716394.924607212,301.19713550415764
16:47:00,0,0,0,505.6908381541773,0,0,,0,6716394.924607212,301.19713550415764
16:48:00,0,0,0,505.6908381541773,0,0,,0,6716394.924607212,301.19713550415764
16:49:00,0,0,0,505.6908381541773,0,0,,0,6716394.924607212,301.19713550415764
16:50:00,2598,0.0,0,505.6908381541773,0,46.27754615842764,225466096#3_0,0.0,6716394.924607212,301.19713550415764
16:51:00,2306,0.3838056148748431,1375,499.93006064361913,292,34.78260869565218,225466096#3_0,60.0,6716394.924607212,297.3040115358865
16:52:00,2284,0.6156694106092618,875,499.5604298412418,22,27.933293627159024,225466096#3_0,120.0,6717376.949852112,297.0581943949105
16:53:00,2186,0.7417306468113842,547,498.181497952534,98,20.60750446694461,225466096#3_0,180.0,6724458.614374666,296.0881781680536
16:54:00,2025,0.8391872759493377,376,496.3641133263379,161,14.175104228707564,225466096#3_0,240.0,6741406.142397692,294.74493452245946
16:55:00,1866,0.9642523691269689,222,495.00846684902956,159,15.0,-225470245#2_0,300.0,6764074.932756062,293.6943655401876
16:56:00,1694,1.0551807841715417,55,494.00767142179893,172,10.0,-225470245#2_0,12.0,6800233.897012441,293.07563233256224
16:57:00,1481,1.0718131761084881,53,493.33447215579093,213,10.0,-180244645_0,10.0,6856192.701627842,292.7994833288282
16:58:00,1269,1.0947255596553274,24,493.2148298628746,212,5.0,225470262#0_0,6.0,6926926.571372797,293.16601368599953
16:59:00,1040,1.0874578191205932,2,493.6639141551746,229,5.0,-1134398602_0,3.0,7013594.717021859,293.98477247859574
17:00:00,821,1.032564080628896,3,494.631167968101,219,5.0,-225466081#2_0,2.0,7103379.448963497,295.0398508458007
17:01:00,604,0.9722908722971413,4,496.108343967398,217,2.0833333333333335,-225485362#1_0,1.0,7196636.638983679,296.24322393214834
17:02:00,406,0.9083557432115308,0,497.9184190110653,198,2.0833333333333335,-225485362#1_0,0.0,7286964.8931698175,297.5364375962524
17:03:00,266,0.8273154444682647,0,499.52174089561936,140,1.075268817204301,-1134398600#2_0,0.0,7353718.67067816,298.5554248986302
17:04:00,187,0.7726211184617662,1,500.6102792391744,79,0.8833922261484098,:2342415689_6_0,1.0,7391303.900877943,299.1219708975291
17:05:00,126,0.7476320487078504,1,501.59379920067823,61,2.0833333333333335,-225485362#1_0,1.0,7422462.251749757,299.6432219833578
17:06:00,78,0.7452691204274868,0,502.48035779040254,48,0.35765379113018597,225470243#2_0,0.0,7447930.626104328,300.08987574456376
17:07:00,44,0.709451882004938,0,503.1883474832012,34,1.075268817204301,-1134398600#2_0,0.0,7466977.389258835,300.4457163826836
17:08:00,30,0.7075738907631397,0,503.51308963686813,14,0.4048582995951417,:5257043612_0_0,0.0,7475641.667397905,300.62499165150217
17:09:00,20,0.6991949502064807,0,503.7689432005467,10,0.16242555495397942,-225466081#1_0,0.0,7482060.610811245,300.76217433015415
17:10:00,8,0.6374410110708508,0,504.1046245329262,12,0.18761726078799248,:10575648965_6_0,0.0,7490028.641103704,300.93730728850915
17:11:00,6,0.6647560750202242,0,504.16536097384596,2,0.14450867052023122,:2342378636_8_0,0.0,7491356.782819439,300.9664851881981
17:12:00,2,0.6148709008493012,0,504.296445069291,4,0.013957708144322702,-1134398611_0,0.0,7494417.795013417,301.0410843548269
17:13:00,0,0,0,504.3667911796602,2,0,,0,7495933.571435323,301.0777833247107
17:14:00,0,0,0,504.3667911796602,0,0,,0,7495933.571435323,301.0777833247107
17:15:00,0,0,0,504.3667911796602,0,0,,0,7495933.571435323,301.0777833247107
17:16:00,0,0,0,504.3667911796602,0,0,,0,7495933.571435323,301.0777833247107
17:17:00,0,0,0,504.3667911796602,0,0,,0,7495933.571435323,301.0777833247107
17:18:00,0,0,0,504.3667911796602,0,0,,0,7495933.571435323,301.0777833247107
17:19:00,0,0,0,504.3667911796602,0,0,,0,7495933.571435323,301.0777833247107
17:20:00,0,0,0,504.3667911796602,0,0,,0,7495933.571435323,301.0777833247107
17:21:00,0,0,0,504.3667911796602,0,0,,0,7495933.571435323,301.0777833247107
17:22:00,0,0,0,504.3667911796602,0,0,,0,7495933.571435323,301.0777833247107
17:23:00,0,0,0,504.3667911796602,0,0,,0,7495933.571435323,301.0777833247107
17:24:00,0,0,0,504.3667911796602,0,0,,0,7495933.571435323,301.0777833247107
17:25:00,0,0,0,504.3667911796602,0,0,,0,7495933.571435323,301.0777833247107
17:26:00,0,0,0,504.3667911796602,0,0,,0,7495933.571435323,301.0777833247107
17:27:00,0,0,0,504.3667911796602,0,0,,0,7495933.571435323,301.0777833247107
17:28:00,0,0,0,504.3667911796602,0,0,,0,7495933.571435323,301.0777833247107
17:29:00,0,0,0,504.3667911796602,0,0,,0,7495933.571435323,301.0777833247107
17:30:00,0,0,0,504.3667911796602,0,0,,0,7495933.571435323,301.0777833247107
17:31:00,0,0,0,504.3667911796602,0,0,,0,7495933.571435323,301.0777833247107
17:32:00,0,0,0,504.3667911796602,0,0,,0,7495933.571435323,301.0777833247107
17:33:00,0,0,0,504.3667911796602,0,0,,0,7495933.571435323,301.0777833247107
17:34:00,0,0,0,504.3667911796602,0,0,,0,7495933.571435323,301.0777833247107
17:35:00,0,0,0,504.3667911796602,0,0,,0,7495933.571435323,301.0777833247107
17:36:00,0,0,0,504.3667911796602,0,0,,0,7495933.571435323,301.0777833247107
17:37:00,0,0,0,504.3667911796602,0,0,,0,7495933.571435323,301.0777833247107
17:38:00,0,0,0,504.3667911796602,0,0,,0,7495933.571435323,301.0777833247107
17:39:00,0,0,0,504.3667911796602,0,0,,0,7495933.571435323,301.0777833247107
17:40:00,0,0,0,504.3667911796602,0,0,,0,7495933.571435323,301.0777833247107
17:41:00,0,0,0,504.3667911796602,0,0,,0,7495933.571435323,301.0777833247107
17:42:00,0,0,0,504.3667911796602,0,0,,0,7495933.571435323,301.0777833247107
17:43:00,0,0,0,504.3667911796602,0,0,,0,7495933.571435323,301.0777833247107
17:44:00,0,0,0,504.3667911796602,0,0,,0,7495933.571435323,301.0777833247107
17:45:00,0,0,0,504.3667911796602,0,0,,0,7495933.571435323,301.0777833247107
17:46:00,0,0,0,504.3667911796602,0,0,,0,7495933.571435323,301.0777833247107
17:47:00,0,0,0,504.3667911796602,0,0,,0,7495933.571435323,301.0777833247107
17:48:00,0,0,0,504.3667911796602,0,0,,0,7495933.571435323,301.0777833247107
17:49:00,0,0,0,504.3667911796602,0,0,,0,7495933.571435323,301.0777833247107
17:50:00,3871,0.0,0,504.3667911796602,0,51.16140559857058,225466096#3_0,0.0,7495933.571435323,301.0777833247107
17:51:00,3410,0.250120427291712,2498,496.2883508163104,461,39.66646813579512,225466096#3_0,60.0,7495933.571435323,295.60428943273615
17:52:00,3385,0.4984676688387489,1652,495.9177402198322,25,32.99583085169744,225466096#3_0,120.0,7497019.139019916,295.3559129740344
17:53:00,3291,0.6005115120777565,1255,494.75212937159006,94,26.32519356759976,225466096#3_0,180.0,7503738.73888285,294.52991870639596
17:54:00,3116,0.6865121031359255,931,493.01418992671137,175,19.058963668850506,225466096#3_0,240.0,7520813.735723403,293.1862519773664
17:55:00,2920,0.7706627416659154,709,491.5506035283194,196,11.85229303156641,225466096#3_0,300.0,7547508.5867922325,291.9958444286689
17:56:00,2705,0.8788456466546286,402,490.46541073552544,215,10.0,-225470265#1_0,57.0,7587867.170919616,291.1356010789094
17:57:00,2491,0.9251789162161984,268,489.89154013015184,214,15.0,-225470245#2_0,117.0,7639538.404458068,290.73099685877645
17:58:00,2250,0.9134447499296705,298,489.8016441662267,241,5.0,-778437843#0_0,177.0,7718340.1758353645,291.06041842655424
17:59:00,1980,0.9027365376060512,234,490.30760041809765,270,10.0,225470262#0_0,12.0,7817192.7546374975,291.81696112578385
18:00:00,1700,0.9303972577024192,142,491.44229348307965,280,10.0,-225470245#2_0,10.0,7929653.5418384485,292.95306420269134
18:01:00,1439,0.9197460992860762,112,493.05206923048775,261,10.0,-225470245#2_0,12.0,8042743.694472756,294.2933767965442
18:02:00,1192,0.9229205930149285,61,495.0848563968668,247,4.9079754601226995,:2342415677_6_0,10.0,8154029.84275045,295.69298820533976
18:03:00,982,0.9386062724672877,15,497.23817749946016,210,5.0,-225470245#2_0,5.0,8252574.733791599,297.00477700250485
18:04:00,759,0.9550369308289686,6,499.9671534149738,223,5.0,-1134398602_0,2.0,8357862.213254241,298.39916502746405
18:05:00,568,0.9431188029364445,1,502.67659574468087,191,5.0,-225466081#3_0,1.0,8450444.023062017,299.66113556957504
18:06:00,414,0.8971233656253031,2,505.16047118572334,154,5.0,-225466081#2_0,1.0,8525898.118196553,300.6947209634109
18:07:00,286,0.8629569891235079,1,507.4741942279334,128,1.1111111111111112,-346382722#1_0,1.0,8583061.063142855,301.3503638488468
18:08:00,163,0.8033184007565316,1,509.9360251704247,123,1.075268817204301,-1134398600#2_0,1.0,8644933.866095675,302.21757965725135
18:09:00,96,0.7621507792250828,0,511.40834263392856,67,1.214574898785425,:5257043612_0_0,0.0,8678471.028402297,302.68104870264705
18:10:00,52,0.7196499770997951,0,512.4634350188048,44,0.437636761487965,:3428765298_4_0,0.0,8702264.731921613,303.0458535980503
18:11:00,25,0.7159230988428046,0,513.1656403298194,27,0.22547914317925594,563616188#2_0,0.0,8718608.527537432,303.32980299681424
18:12:00,12,0.6795687421211253,0,513.5303936569759,13,0.19801980198019803,:5431067224_0_0,0.0,8726312.307166908,303.4605754335411
18:13:00,0,0,0,513.8918242491658,12,0,,0,8733665.277405545,303.5895883414052
18:14:00,0,0,0,513.8918242491658,0,0,,0,8733665.277405545,303.5895883414052
18:15:00,0,0,0,513.8918242491658,0,0,,0,8733665.277405545,303.5895883414052
18:16:00,0,0,0,513.8918242491658,0,0,,0,8733665.277405545,303.5895883414052
18:17:00,0,0,0,513.8918242491658,0,0,,0,8733665.277405545,303.5895883414052
18:18:00,0,0,0,513.8918242491658,0,0,,0,8733665.277405545,303.5895883414052
18:19:00,0,0,0,513.8918242491658,0,0,,0,8733665.277405545,303.5895883414052
18:20:00,0,0,0,513.8918242491658,0,0,,0,8733665.277405545,303.5895883414052
18:21:00,0,0,0,513.8918242491658,0,0,,0,8733665.277405545,303.5895883414052
18:22:00,0,0,0,513.8918242491658,0,0,,0,8733665.277405545,303.5895883414052
18:23:00,0,0,0,513.8918242491658,0,0,,0,8733665.277405545,303.5895883414052
18:24:00,0,0,0,513.8918242491658,0,0,,0,8733665.277405545,303.5895883414052
18:25:00,0,0,0,513.8918242491658,0,0,,0,8733665.277405545,303.5895883414052
18:26:00,0,0,0,513.8918242491658,0,0,,0,8733665.277405545,303.5895883414052
18:27:00,0,0,0,513.8918242491658,0,0,,0,8733665.277405545,303.5895883414052
18:28:00,0,0,0,513.8918242491658,0,0,,0,8733665.277405545,303.5895883414052
18:29:00,0,0,0,513.8918242491658,0,0,,0,8733665.277405545,303.5895883414052
18:30:00,0,0,0,513.8918242491658,0,0,,0,8733665.277405545,303.5895883414052
18:31:00,0,0,0,513.8918242491658,0,0,,0,8733665.277405545,303.5895883414052
18:32:00,0,0,0,513.8918242491658,0,0,,0,8733665.277405545,303.5895883414052
18:33:00,0,0,0,513.8918242491658,0,0,,0,8733665.277405545,303.5895883414052
18:34:00,0,0,0,513.8918242491658,0,0,,0,8733665.277405545,303.5895883414052
18:35:00,0,0,0,513.8918242491658,0,0,,0,8733665.277405545,303.5895883414052
18:36:00,0,0,0,513.8918242491658,0,0,,0,8733665.277405545,303.5895883414052
18:37:00,0,0,0,513.8918242491658,0,0,,0,8733665.277405545,303.5895883414052
18:38:00,0,0,0,513.8918242491658,0,0,,0,8733665.277405545,303.5895883414052
18:39:00,0,0,0,513.8918242491658,0,0,,0,8733665.277405545,303.5895883414052
18:40:00,0,0,0,513.8918242491658,0,0,,0,8733665.277405545,303.5895883414052
18:41:00,0,0,0,513.8918242491658,0,0,,0,8733665.277405545,303.5895883414052
18:42:00,0,0,0,513.8918242491658,0,0,,0,8733665.277405545,303.5895883414052
18:43:00,0,0,0,513.8918242491658,0,0,,0,8733665.277405545,303.5895883414052
18:44:00,0,0,0,513.8918242491658,0,0,,0,8733665.277405545,303.5895883414052
18:45:00,0,0,0,513.8918242491658,0,0,,0,8733665.277405545,303.5895883414052
18:46:00,0,0,0,513.8918242491658,0,0,,0,8733665.277405545,303.5895883414052
18:47:00,0,0,0,513.8918242491658,0,0,,0,8733665.277405545,303.5895883414052
18:48:00,0,0,0,513.8918242491658,0,0,,0,8733665.277405545,303.5895883414052
18:49:00,0,0,0,513.8918242491658,0,0,,0,8733665.277405545,303.5895883414052
18:50:00,2056,0.0,0,513.8918242491658,0,29.839189994044077,225466096#3_0,0.0,8733665.277405545,303.5895883414052
18:51:00,1855,0.49521657775751876,909,510.7425178639235,201,20.190589636688507,225466096#3_0,60.0,8733665.277405545,301.4831467225498
18:52:00,1829,0.7310264789852225,484,510.3921365752716,26,16.666666666666668,:2342378532_2_0,120.0,8734793.4383697,301.251713687522
18:53:00,1741,0.8815056830946917,273,509.3924285665165,88,6.432400238237046,225466096#3_0,180.0,8740771.238425605,300.54572218910033
18:54:00,1619,1.0021467364533891,88,508.2670775552131,122,10.0,-225466081#3_0,11.0,8755412.55318565,299.7915614855555
18:55:00,1485,1.0103446433641183,98,507.31585943624526,134,10.0,-1134398602_0,9.0,8775778.608619686,299.11648688161443
18:56:00,1319,1.0513031500267824,67,506.487036095577,166,5.214723926380368,:2342415677_6_0,8.0,8815699.511895804,298.7866297880293
18:57:00,1148,1.0696904882982479,31,505.9886777193692,171,5.0,225470262#0_0,5.0,8868005.976411091,298.8275366090811
18:58:00,959,1.0821150335936016,7,505.824208940231,189,5.0,-225470265#1_0,2.0,8936421.252159014,299.22723094455097
18:59:00,762,1.03558662433197,3,506.0481671212827,197,5.0,-225466081#2_0,6.0,9014306.912098534,299.85719220605864
19:00:00,580,0.9761217647153052,1,506.61354318211875,182,5.0,-180244645_0,1.0,9092446.606389506,300.63637767456373
19:01:00,421,0.8933718298895825,4,507.41571555438605,159,5.0,-225466081#2_0,1.0,9166879.877117192,301.51234671306094
19:02:00,295,0.845857162790559,1,508.29309836548856,126,1.0416666666666667,335766013#0_0,1.0,9225591.465641666,302.19107948644455
19:03:00,202,0.8061303992768566,0,509.1182809744628,93,0.684931506849315,:1906841229_3_0,0.0,9270734.154914664,302.7475068550279
19:04:00,132,0.767299176268855,0,509.87293105695295,70,2.0833333333333335,-225485362#1_0,0.0,9304130.400203386,303.14513228865457
19:05:00,84,0.7501423488460102,0,510.48210800260244,48,0.7246376811594204,225446903#1_0,0.0,9328929.180748507,303.478502952131
19:06:00,58,0.7276092031737468,0,510.8619905090034,26,1.075268817204301,-1134398600#2_0,0.0,9343445.157599654,303.69385547681384
19:07:00,34,0.718798994427864,0,511.25885027606364,24,1.075268817204301,-1134398600#2_0,0.0,9357841.333848251,303.9246941814956
19:08:00,22,0.7169869278217725,0,511.48042334913316,12,0.4048582995951417,:5257043612_0_0,0.0,9365578.377694001,304.0574760630479
19:09:00,11,0.6806354060129992,0,511.7047999221108,11,0.2188183807439825,:3428765298_4_0,0.0,9373194.713973211,304.1961092387373
19:10:00,7,0.6617737854427144,0,511.79413959827366,4,0.1984126984126984,-1134398596#1_0,0.0,9376103.95866514,304.2510289341967
19:11:00,5,0.6520609238050116,0,511.8426944417405,2,0.09871668311944717,-563602516_0,0.0,9377636.43617932,304.28100964273074
19:12:00,2,0.6322587138156479,0,511.921354876387,3,0.10775862068965518,:5431067225_0_0,0.0,9379907.249057224,304.3250681025639
19:13:00,0,0,0,511.97767973008047,2,0,,0,9381430.759587536,304.3547482347371
19:14:00,0,0,0,511.97767973008047,0,0,,0,9381430.759587536,304.3547482347371
19:15:00,0,0,0,511.97767973008047,0,0,,0,9381430.759587536,304.3547482347371
19:16:00,0,0,0,511.97767973008047,0,0,,0,9381430.759587536,304.3547482347371
19:17:00,0,0,0,511.97767973008047,0,0,,0,9381430.759587536,304.3547482347371
19:18:00,0,0,0,511.97767973008047,0,0,,0,9381430.759587536,304.3547482347371
19:19:00,0,0,0,511.97767973008047,0,0,,0,9381430.759587536,304.3547482347371
19:20:00,0,0,0,511.97767973008047,0,0,,0,9381430.759587536,304.3547482347371
19:21:00,0,0,0,511.97767973008047,0,0,,0,9381430.759587536,304.3547482347371
19:22:00,0,0,0,511.97767973008047,0,0,,0,9381430.759587536,304.3547482347371
19:23:00,0,0,0,511.97767973008047,0,0,,0,9381430.759587536,304.3547482347371
19:24:00,0,0,0,511.97767973008047,0,0,,0,9381430.759587536,304.3547482347371
19:25:00,0,0,0,511.97767973008047,0,0,,0,9381430.759587536,304.3547482347371
19:26:00,0,0,0,511.97767973008047,0,0,,0,9381430.759587536,304.3547482347371
19:27:00,0,0,0,511.97767973008047,0,0,,0,9381430.759587536,304.3547482347371
19:28:00,0,0,0,511.97767973008047,0,0,,0,9381430.759587536,304.3547482347371
19:29:00,0,0,0,511.97767973008047,0,0,,0,9381430.759587536,304.3547482347371
19:30:00,0,0,0,511.97767973008047,0,0,,0,9381430.759587536,304.3547482347371
19:31:00,0,0,0,511.97767973008047,0,0,,0,9381430.759587536,304.3547482347371
19:32:00,0,0,0,511.97767973008047,0,0,,0,9381430.759587536,304.3547482347371
19:33:00,0,0,0,511.97767973008047,0,0,,0,9381430.759587536,304.3547482347371
19:34:00,0,0,0,511.97767973008047,0,0,,0,9381430.759587536,304.3547482347371
19:35:00,0,0,0,511.97767973008047,0,0,,0,9381430.759587536,304.3547482347371
19:36:00,0,0,0,511.97767973008047,0,0,,0,9381430.759587536,304.3547482347371
19:37:00,0,0,0,511.97767973008047,0,0,,0,9381430.759587536,304.3547482347371
19:38:00,0,0,0,511.97767973008047,0,0,,0,9381430.759587536,304.3547482347371
19:39:00,0,0,0,511.97767973008047,0,0,,0,9381430.759587536,304.3547482347371
19:40:00,0,0,0,511.97767973008047,0,0,,0,9381430.759587536,304.3547482347371
19:41:00,0,0,0,511.97767973008047,0,0,,0,9381430.759587536,304.3547482347371
19:42:00,0,0,0,511.97767973008047,0,0,,0,9381430.759587536,304.3547482347371
19:43:00,0,0,0,511.97767973008047,0,0,,0,9381430.759587536,304.3547482347371
19:44:00,0,0,0,511.97767973008047,0,0,,0,9381430.759587536,304.3547482347371
19:45:00,0,0,0,511.97767973008047,0,0,,0,9381430.759587536,304.3547482347371
19:46:00,0,0,0,511.97767973008047,0,0,,0,9381430.759587536,304.3547482347371
19:47:00,0,0,0,511.97767973008047,0,0,,0,9381430.759587536,304.3547482347371
19:48:00,0,0,0,511.97767973008047,0,0,,0,9381430.759587536,304.3547482347371
19:49:00,0,0,0,511.97767973008047,0,0,,0,9381430.759587536,304.3547482347371
19:50:00,1377,0.0,0,511.97767973008047,0,22.27516378796903,225466096#3_0,0.0,9381430.759587536,304.3547482347371
19:51:00,1221,0.6285685501568208,426,509.7017430600387,156,13.51995235259083,225466096#3_0,60.0,9381430.759587536,302.82216783691206
19:52:00,1192,0.8498838315708908,186,509.33728917411077,29,10.0,-225470245#2_0,120.0,9382592.88760198,302.5764419233764
19:53:00,1103,1.0132081298912223,55,508.3947520740884,89,10.0,-225470245#2_0,5.0,9389382.160753613,301.9288108802371
19:54:00,1024,1.0138565410736378,90,507.7146614491452,79,5.0,-225470265#1_0,10.0,9398934.116922522,301.47012595575336
19:55:00,937,1.0888222587676382,28,507.13664278403274,87,5.0,225470262#0_0,4.0,9415570.556972943,301.16333664831575
19:56:00,853,1.1414054171548675,3,506.7423759091489,84,1.6949152542372883,-225470242#0_0,3.0,9437757.035158778,301.06408814465925
19:57:00,718,1.0951138185718112,2,506.3704221325795,135,0.8391608391608392,225470240#5_0,2.0,9483107.526357519,301.21359229925736
19:58:00,575,1.0604798088600966,1,506.25118573325744,143,5.0,225470245#2_0,1.0,9535343.99960724,301.50332004070196
19:59:00,427,0.9928188030620082,0,506.4083842135079,148,5.0,-225470262#0_0,0.0,9596777.4784218,302.0324000258639
20:00:00,312,0.8998000692925379,1,506.74589984007025,115,3.571428571428571,:2342378668_2_0,3.0,9648625.725905366,302.56909046710047
20:01:00,234,0.8536519352509255,0,507.11984233741043,78,5.0,-225466081#2_0,0.0,9686355.354924297,303.01108502281403
20:02:00,167,0.8123973611757674,0,507.5650870949616,67,0.6858710562414266,:2342378344_1_0,0.0,9719006.661743829,303.3965992927461
20:03:00,117,0.7596911317825837,0,507.9896521630719,50,5.0,-778437843#0_0,0.0,9744404.9691012,303.7154023532353
20:04:00,86,0.7390918037142419,0,508.310135450724,31,0.5555555555555556,-346382722#1_0,0.0,9760517.13935068,303.9239339670148
20:05:00,50,0.7253572730737484,0,508.74871699169546,36,5.0,-1134398602_0,0.0,9779715.520789836,304.1807570772242
20:06:00,32,0.7140358650053996,0,509.00121234729085,18,0.2503576537911302,225470243#2_0,0.0,9789785.825776493,304.32359805329645
20:07:00,16,0.7173452760572679,0,509.25524312567967,16,0.4950495049504951,:2342205389_1_0,0.0,9799851.621113805,304.4850589129658
20:08:00,10,0.6919234138524153,0,509.36162281382997,6,0.1584786053882726,:9654224079_4_0,0.0,9803984.10769973,304.5566806778208
20:09:00,7,0.6560121238981527,0,509.4203888923402,3,0.2242152466367713,1046388837#1_0,0.0,9806054.863998817,304.59262173072057
20:10:00,5,0.6244034822341644,0,509.46328736489005,2,0.09871668311944717,-563602516_0,0.0,9807427.025398985,304.6163195862525
20:11:00,3,0.6731237010915326,0,509.50990744766756,2,0.014232849416453173,563602514_0,0.0,9808949.948378658,304.64469682522696
20:12:00,0,0,0,509.58541660196886,3,0,,0,9811259.310049681,304.68803173968763
20:13:00,0,0,0,509.58541660196886,0,0,,0,9811259.310049681,304.68803173968763
20:14:00,0,0,0,509.58541660196886,0,0,,0,9811259.310049681,304.68803173968763
20:15:00,0,0,0,509.58541660196886,0,0,,0,9811259.310049681,304.68803173968763
20:16:00,0,0,0,509.58541660196886,0,0,,0,9811259.310049681,304.68803173968763
20:17:00,0,0,0,509.58541660196886,0,0,,0,9811259.310049681,304.68803173968763
20:18:00,0,0,0,509.58541660196886,0,0,,0,9811259.310049681,304.68803173968763
20:19:00,0,0,0,509.58541660196886,0,0,,0,9811259.310049681,304.68803173968763
20:20:00,0,0,0,509.58541660196886,0,0,,0,9811259.310049681,304.68803173968763
20:21:00,0,0,0,509.58541660196886,0,0,,0,9811259.310049681,304.68803173968763
20:22:00,0,0,0,509.58541660196886,0,0,,0,9811259.310049681,304.68803173968763
20:23:00,0,0,0,509.58541660196886,0,0,,0,9811259.310049681,304.68803173968763
20:24:00,0,0,0,509.58541660196886,0,0,,0,9811259.310049681,304.68803173968763
20:25:00,0,0,0,509.58541660196886,0,0,,0,9811259.310049681,304.68803173968763
20:26:00,0,0,0,509.58541660196886,0,0,,0,9811259.310049681,304.68803173968763
20:27:00,0,0,0,509.58541660196886,0,0,,0,9811259.310049681,304.68803173968763
20:28:00,0,0,0,509.58541660196886,0,0,,0,9811259.310049681,304.68803173968763
20:29:00,0,0,0,509.58541660196886,0,0,,0,9811259.310049681,304.68803173968763
20:30:00,0,0,0,509.58541660196886,0,0,,0,9811259.310049681,304.68803173968763
20:31:00,0,0,0,509.58541660196886,0,0,,0,9811259.310049681,304.68803173968763
20:32:00,0,0,0,509.58541660196886,0,0,,0,9811259.310049681,304.68803173968763
20:33:00,0,0,0,509.58541660196886,0,0,,0,9811259.310049681,304.68803173968763
20:34:00,0,0,0,509.58541660196886,0,0,,0,9811259.310049681,304.68803173968763
20:35:00,0,0,0,509.58541660196886,0,0,,0,9811259.310049681,304.68803173968763
20:36:00,0,0,0,509.58541660196886,0,0,,0,9811259.310049681,304.68803173968763
20:37:00,0,0,0,509.58541660196886,0,0,,0,9811259.310049681,304.68803173968763
20:38:00,0,0,0,509.58541660196886,0,0,,0,9811259.310049681,304.68803173968763
20:39:00,0,0,0,509.58541660196886,0,0,,0,9811259.310049681,304.68803173968763
20:40:00,0,0,0,509.58541660196886,0,0,,0,9811259.310049681,304.68803173968763
20:41:00,0,0,0,509.58541660196886,0,0,,0,9811259.310049681,304.68803173968763
20:42:00,0,0,0,509.58541660196886,0,0,,0,9811259.310049681,304.68803173968763
20:43:00,0,0,0,509.58541660196886,0,0,,0,9811259.310049681,304.68803173968763
20:44:00,0,0,0,509.58541660196886,0,0,,0,9811259.310049681,304.68803173968763
20:45:00,0,0,0,509.58541660196886,0,0,,0,9811259.310049681,304.68803173968763
20:46:00,0,0,0,509.58541660196886,0,0,,0,9811259.310049681,304.68803173968763
20:47:00,0,0,0,509.58541660196886,0,0,,0,9811259.310049681,304.68803173968763
20:48:00,0,0,0,509.58541660196886,0,0,,0,9811259.310049681,304.68803173968763
20:49:00,0,0,0,509.58541660196886,0,0,,0,9811259.310049681,304.68803173968763
20:50:00,871,0.0,0,509.58541660196886,0,15.008933889219774,225466096#3_0,0.0,9811259.310049681,304.68803173968763
20:51:00,770,0.816637055234476,140,508.17967927682497,101,16.666666666666668,:2342378532_2_0,60.0,9811259.310049681,303.73535106339176
20:52:00,741,1.0439642377246519,28,507.8314929943398,29,5.521472392638037,:2342415677_6_0,4.0,9812329.751233848,303.4960177920215
20:53:00,661,1.0585774696811356,39,507.02230724136865,80,10.0,-225470245#2_0,7.0,9819187.084981408,302.9584735115056
20:54:00,604,1.1532718492031615,1,506.55352962917334,57,5.0,1134398601#2_0,1.0,9827247.14621262,302.6748535854571
20:55:00,539,1.1329744558046058,2,506.14084160698366,65,1.2578616352201257,-225470357#2_0,1.0,9840406.346743513,302.4746056847974
20:56:00,482,1.1015991595586079,1,505.8852408714329,57,0.9661835748792271,:2342415764_6_0,1.0,9856381.111569446,302.4357505851318
20:57:00,403,1.0642781742065852,0,505.67755364412744,79,5.0,-225466081#2_0,0.0,9885012.673741598,302.58081587258863
20:58:00,305,0.9862310990984596,2,505.600756859035,98,1.6949152542372883,-225470242#0_0,1.0,9925327.278397523,302.9061945981482
20:59:00,233,0.9392177955385705,0,505.6761777155212,72,5.0,-180244645_0,0.0,9957275.712684385,303.21494907531854
21:00:00,165,0.8814323649541075,0,505.87109125717933,68,3.571428571428571,:2342378668_2_0,0.0,9988942.584250726,303.5506908636681
21:01:00,122,0.8282146313493048,0,506.0722306525038,43,0.35335689045936397,:2342415689_6_0,0.0,10010279.39840306,303.8021061730822
21:02:00,88,0.8024028072086746,0,506.2927479990298,34,0.42105263157894735,225470243#1_0,0.0,10027340.13401594,304.00618887994
21:03:00,66,0.7692232445445337,0,506.47518632975823,22,0.6329113924050632,:5602981520_2_0,0.0,10039256.563400844,304.1645932073212
21:04:00,46,0.7504562154718042,0,506.6771634469812,20,5.0,-1134398602_0,0.0,10050455.460052306,304.3194894947104
21:05:00,32,0.745734485832171,0,506.8438256658596,14,0.437636761487965,:3428765298_4_0,0.0,10059086.984206365,304.45178523627015
21:06:00,20,0.752586374294415,0,507.00835047803463,12,0.38759689922480617,225485340#1_0,0.0,10066187.970271487,304.5560925290901
21:07:00,12,0.6887735522783998,0,507.13248638838473,8,0.07299270072992702,1134398601#1_0,0.0,10071512.563417714,304.6434532189266
21:08:00,7,0.6543178251460585,0,507.21911386662634,5,0.11061946902654868,:2342378748_1_0,0.0,10074935.182044689,304.70089768772687
21:09:00,3,0.6452454333565942,0,507.29565454050623,4,0.16051364365971107,:10575648968_0_0,0.0,10077513.657335121,304.74201389020294
21:10:00,3,0.7242545166117308,0,507.29565454050623,0,0.18761726078799248,:10575648965_6_0,0.0,10077513.657335121,304.74201389020294
21:11:00,1,0.6092394909843716,0,507.3411750476248,2,0.07225433526011561,:2342378636_8_0,0.0,10079029.982278464,304.76943492118363
21:12:00,1,0.6324801240916301,0,507.3411750476248,0,0.006978854072161351,-1134398611_0,0.0,10079029.982278464,304.76943492118363
21:13:00,0,0,0,507.36756168359943,1,0,,0,10079791.058096372,304.7832322839977
21:14:00,0,0,0,507.36756168359943,0,0,,0,10079791.058096372,304.7832322839977
21:15:00,0,0,0,507.36756168359943,0,0,,0,10079791.058096372,304.7832322839977
21:16:00,0,0,0,507.36756168359943,0,0,,0,10079791.058096372,304.7832322839977
21:17:00,0,0,0,507.36756168359943,0,0,,0,10079791.058096372,304.7832322839977
21:18:00,0,0,0,507.36756168359943,0,0,,0,10079791.058096372,304.7832322839977
21:19:00,0,0,0,507.36756168359943,0,0,,0,10079791.058096372,304.7832322839977
21:20:00,0,0,0,507.36756168359943,0,0,,0,10079791.058096372,304.7832322839977
21:21:00,0,0,0,507.36756168359943,0,0,,0,10079791.058096372,304.7832322839977
21:22:00,0,0,0,507.36756168359943,0,0,,0,10079791.058096372,304.7832322839977
21:23:00,0,0,0,507.36756168359943,0,0,,0,10079791.058096372,304.7832322839977
21:24:00,0,0,0,507.36756168359943,0,0,,0,10079791.058096372,304.7832322839977
21:25:00,0,0,0,507.36756168359943,0,0,,0,10079791.058096372,304.7832322839977
21:26:00,0,0,0,507.36756168359943,0,0,,0,10079791.058096372,304.7832322839977
21:27:00,0,0,0,507.36756168359943,0,0,,0,10079791.058096372,304.7832322839977
21:28:00,0,0,0,507.36756168359943,0,0,,0,10079791.058096372,304.7832322839977
21:29:00,0,0,0,507.36756168359943,0,0,,0,10079791.058096372,304.7832322839977
21:30:00,0,0,0,507.36756168359943,0,0,,0,10079791.058096372,304.7832322839977
21:31:00,0,0,0,507.36756168359943,0,0,,0,10079791.058096372,304.7832322839977
21:32:00,0,0,0,507.36756168359943,0,0,,0,10079791.058096372,304.7832322839977
21:33:00,0,0,0,507.36756168359943,0,0,,0,10079791.058096372,304.7832322839977
21:34:00,0,0,0,507.36756168359943,0,0,,0,10079791.058096372,304.7832322839977
21:35:00,0,0,0,507.36756168359943,0,0,,0,10079791.058096372,304.7832322839977
21:36:00,0,0,0,507.36756168359943,0,0,,0,10079791.058096372,304.7832322839977
21:37:00,0,0,0,507.36756168359943,0,0,,0,10079791.058096372,304.7832322839977
21:38:00,0,0,0,507.36756168359943,0,0,,0,10079791.058096372,304.7832322839977
21:39:00,0,0,0,507.36756168359943,0,0,,0,10079791.058096372,304.7832322839977
21:40:00,0,0,0,507.36756168359943,0,0,,0,10079791.058096372,304.7832322839977
21:41:00,0,0,0,507.36756168359943,0,0,,0,10079791.058096372,304.7832322839977
21:42:00,0,0,0,507.36756168359943,0,0,,0,10079791.058096372,304.7832322839977
21:43:00,0,0,0,507.36756168359943,0,0,,0,10079791.058096372,304.7832322839977
21:44:00,0,0,0,507.36756168359943,0,0,,0,10079791.058096372,304.7832322839977
21:45:00,0,0,0,507.36756168359943,0,0,,0,10079791.058096372,304.7832322839977
21:46:00,0,0,0,507.36756168359943,0,0,,0,10079791.058096372,304.7832322839977
21:47:00,0,0,0,507.36756168359943,0,0,,0,10079791.058096372,304.7832322839977
21:48:00,0,0,0,507.36756168359943,0,0,,0,10079791.058096372,304.7832322839977
21:49:00,0,0,0,507.36756168359943,0,0,,0,10079791.058096372,304.7832322839977
21:50:00,313,0.0,0,507.36756168359943,0,4.466944609886838,225466096#3_0,0.0,10079791.058096372,304.7832322839977
21:51:00,270,1.0578604333829402,2,506.78665257436205,43,5.0,-225470245#2_0,1.0,10079791.058096372,304.3874696692246
21:52:00,254,1.1461739037970753,1,506.5998611572243,16,5.0,1134398601#2_0,1.0,10080518.189366253,304.26241856165683
21:53:00,231,1.1611069430469039,1,506.3732882910056,23,1.0638297872340425,:12625990043_1_0,1.0,10082784.143547514,304.11968822909796
21:54:00,210,1.1645645828401225,0,506.20467219291635,21,0.8928571428571428,-372396764#6_0,0.0,10086351.822793556,304.0347196019158
21:55:00,190,1.1574470332264104,0,506.0804338002711,20,1.2048192771084338,:cluster_5431067282_5599550269_9654224075_10_0,0.0,10091202.456701832,303.99766400668267
21:56:00,144,1.0881373339512384,0,505.8782828434764,46,0.47770700636942676,:3762648117_11_0,0.0,10106280.95678161,304.03059344729735
21:57:00,116,1.0217590972662256,0,505.8060055907902,28,0.4484304932735426,1046388837#1_0,0.0,10117420.737483859,304.10955356289213
21:58:00,96,0.9866110917704676,0,505.79050136681786,20,5.0,-225466081#3_0,0.0,10125704.171243565,304.1756787900978
21:59:00,76,0.9611196015489325,0,505.8110420607043,20,0.303951367781155,:cluster_3759551883_5600553618_5674893828_9_0,0.0,10134893.413843814,304.2689187259844
22:00:00,64,0.8902341504379805,0,505.8449626361754,12,0.4048582995951417,:5257043612_0_0,0.0,10141895.603929035,304.36948482725717
22:01:00,44,0.8113802754405094,1,505.9374343900903,20,0.2306805074971165,563616188#3_0,1.0,10152612.327064846,304.50833289537945
22:02:00,34,0.8036736376183313,0,506.0016191418548,10,0.28612303290414876,:2342205304_0_0,0.0,10157651.334445268,304.56811893032494
22:03:00,28,0.7854725016348805,0,506.05090385826065,6,0.5555555555555556,-346382722#1_0,0.0,10161093.069398899,304.6165143567737
22:04:00,18,0.7808816121147837,0,506.15098750262234,10,0.3472222222222222,335766013#0_0,0.0,10166698.53462764,304.6932158907795
22:05:00,13,0.7605477410454509,0,506.20999640417114,5,0.2822201317027281,225466099#1_0,0.0,10169833.426386459,304.7415026485215
22:06:00,7,0.7571032664300699,0,506.29156929714185,6,0.38759689922480617,225485340#1_0,0.0,10173548.655514384,304.79803030482304
22:07:00,1,0.6359951181205281,0,506.3838964773544,6,0.4444444444444444,-1134398600#1_0,0.0,10177667.27579475,304.8666210099074
22:08:00,1,0.7093613254916249,0,506.3838964773544,0,0.036845983787767135,225466102#1_0,0.0,10177667.27579475,304.8666210099074
22:09:00,1,0.5883849840329711,0,506.3838964773544,0,0.054824561403508776,225466100#5_0,0.0,10177667.27579475,304.8666210099074
22:10:00,0,0,0,506.4046727572263,1,0,,0,10178365.260606552,304.87839630392546
22:11:00,0,0,0,506.4046727572263,0,0,,0,10178365.260606552,304.87839630392546
22:12:00,0,0,0,506.4046727572263,0,0,,0,10178365.260606552,304.87839630392546
22:13:00,0,0,0,506.4046727572263,0,0,,0,10178365.260606552,304.87839630392546
22:14:00,0,0,0,506.4046727572263,0,0,,0,10178365.260606552,304.87839630392546
22:15:00,0,0,0,506.4046727572263,0,0,,0,10178365.260606552,304.87839630392546
22:16:00,0,0,0,506.4046727572263,0,0,,0,10178365.260606552,304.87839630392546
22:17:00,0,0,0,506.4046727572263,0,0,,0,10178365.260606552,304.87839630392546
22:18:00,0,0,0,506.4046727572263,0,0,,0,10178365.260606552,304.87839630392546
22:19:00,0,0,0,506.4046727572263,0,0,,0,10178365.260606552,304.87839630392546
22:20:00,0,0,0,506.4046727572263,0,0,,0,10178365.260606552,304.87839630392546
22:21:00,0,0,0,506.4046727572263,0,0,,0,10178365.260606552,304.87839630392546
22:22:00,0,0,0,506.4046727572263,0,0,,0,10178365.260606552,304.87839630392546
22:23:00,0,0,0,506.4046727572263,0,0,,0,10178365.260606552,304.87839630392546
22:24:00,0,0,0,506.4046727572263,0,0,,0,10178365.260606552,304.87839630392546
22:25:00,0,0,0,506.4046727572263,0,0,,0,10178365.260606552,304.87839630392546
22:26:00,0,0,0,506.4046727572263,0,0,,0,10178365.260606552,304.87839630392546
22:27:00,0,0,0,506.4046727572263,0,0,,0,10178365.260606552,304.87839630392546
22:28:00,0,0,0,506.4046727572263,0,0,,0,10178365.260606552,304.87839630392546
22:29:00,0,0,0,506.4046727572263,0,0,,0,10178365.260606552,304.87839630392546
22:30:00,0,0,0,506.4046727572263,0,0,,0,10178365.260606552,304.87839630392546
22:31:00,0,0,0,506.4046727572263,0,0,,0,10178365.260606552,304.87839630392546
22:32:00,0,0,0,506.4046727572263,0,0,,0,10178365.260606552,304.87839630392546
22:33:00,0,0,0,506.4046727572263,0,0,,0,10178365.260606552,304.87839630392546
22:34:00,0,0,0,506.4046727572263,0,0,,0,10178365.260606552,304.87839630392546
22:35:00,0,0,0,506.4046727572263,0,0,,0,10178365.260606552,304.87839630392546
22:36:00,0,0,0,506.4046727572263,0,0,,0,10178365.260606552,304.87839630392546
22:37:00,0,0,0,506.4046727572263,0,0,,0,10178365.260606552,304.87839630392546
22:38:00,0,0,0,506.4046727572263,0,0,,0,10178365.260606552,304.87839630392546
22:39:00,0,0,0,506.4046727572263,0,0,,0,10178365.260606552,304.87839630392546
22:40:00,0,0,0,506.4046727572263,0,0,,0,10178365.260606552,304.87839630392546
22:41:00,0,0,0,506.4046727572263,0,0,,0,10178365.260606552,304.87839630392546
22:42:00,0,0,0,506.4046727572263,0,0,,0,10178365.260606552,304.87839630392546
22:43:00,0,0,0,506.4046727572263,0,0,,0,10178365.260606552,304.87839630392546
22:44:00,0,0,0,506.4046727572263,0,0,,0,10178365.260606552,304.87839630392546
22:45:00,0,0,0,506.4046727572263,0,0,,0,10178365.260606552,304.87839630392546
22:46:00,0,0,0,506.4046727572263,0,0,,0,10178365.260606552,304.87839630392546
22:47:00,0,0,0,506.4046727572263,0,0,,0,10178365.260606552,304.87839630392546
22:48:00,0,0,0,506.4046727572263,0,0,,0,10178365.260606552,304.87839630392546
22:49:00,0,0,0,506.4046727572263,0,0,,0,10178365.260606552,304.87839630392546
22:50:00,149,0.0,0,506.4046727572263,0,2.0250148898153664,225466096#3_0,0.0,10178365.260606552,304.87839630392546
22:51:00,128,1.1705196396454811,1,506.1240495719332,21,0.9202453987730062,:2342415677_6_0,2.0,10178365.260606552,304.6867407234195
22:52:00,114,1.1566290491413131,1,505.96229802513466,14,5.0,1134398601#2_0,1.0,10179163.862711165,304.58300008112406
22:53:00,111,1.1764866629596866,0,505.93304012207165,3,0.5555555555555556,-346382722#1_0,0.0,10179572.523982568,304.5678881004867
22:54:00,100,1.1382327505236456,0,505.84554644972184,11,0.2645502645502646,778437851_0,0.0,10181678.605106266,304.5306755131383
22:55:00,85,1.1064344044409324,0,505.7532362701426,15,1.6949152542372883,-225470242#0_0,0.0,10185817.28970802,304.5178417802631
22:56:00,73,1.090890279932367,0,505.7009653028899,12,0.4282655246252677,:2342566230_4_0,0.0,10189319.721022867,304.51330566997
22:57:00,54,1.0277635270039216,0,505.65232974910396,19,0.3389830508474576,:2342415495_4_0,0.0,10197117.3724783,304.5733982221715
22:58:00,44,0.9850159907737129,0,505.6446700507614,10,0.2717391304347826,:10575648963_0_0,0.0,10201574.2694077,304.61553506741416
22:59:00,32,0.8985468286038595,0,505.6569757029431,12,0.21052631578947367,225470243#1_0,0.0,10207555.863290254,304.6849699507568
23:00:00,25,0.8184187687848369,0,505.6766838759736,7,0.2188183807439825,:3428765298_4_0,0.0,10211236.702049067,304.73116780712843
23:01:00,20,0.7722830021176039,1,505.6997075848899,5,0.3623188405797102,:2342566394_3_0,1.0,10213511.483880544,304.75358011220817
23:02:00,15,0.7701225323012759,0,505.7316745726304,5,0.14430014430014432,:2342378714_0_0,0.0,10216159.661232103,304.7871255476626
23:03:00,7,0.7811163121591115,0,505.7971187401199,8,0.10152284263959391,:1906841180_5_0,0.0,10220404.594293451,304.8410115516882
23:04:00,4,0.8088115356114622,0,505.8270205785863,3,0.13717421124828533,:2342378344_1_0,0.0,10222196.49625768,304.86717853437756
23:05:00,1,0.6899070371319278,0,505.8622849133689,3,0.010575296108291032,-586413249#0_0,0.0,10224139.959299223,304.89786059401854
23:06:00,1,0.6631278702212956,0,505.8622849133689,0,0.03987240829346093,-586413254#0_0,0.0,10224139.959299223,304.89786059401854
23:07:00,1,0.6113620919935734,0,505.8622849133689,0,0.044385264092321346,180244637#0_0,0.0,10224139.959299223,304.89786059401854
23:08:00,1,0.7102121972906573,0,505.8622849133689,0,0.024679170779861793,1046388837#0_0,0.0,10224139.959299223,304.89786059401854
23:09:00,1,0.6693418997293342,0,505.8622849133689,0,0.11627906976744186,:5431067234_0_0,0.0,10224139.959299223,304.89786059401854
23:10:00,1,0.6040622253238449,0,505.8622849133689,0,0.09871668311944717,-563602516_0,0.0,10224139.959299223,304.89786059401854
23:11:00,0,0,0,505.8847736625514,1,0,,0,10224883.914648114,304.9109534993772
23:12:00,0,0,0,505.8847736625514,0,0,,0,10224883.914648114,304.9109534993772
23:13:00,0,0,0,505.8847736625514,0,0,,0,10224883.914648114,304.9109534993772
23:14:00,0,0,0,505.8847736625514,0,0,,0,10224883.914648114,304.9109534993772
23:15:00,0,0,0,505.8847736625514,0,0,,0,10224883.914648114,304.9109534993772
23:16:00,0,0,0,505.8847736625514,0,0,,0,10224883.914648114,304.9109534993772
23:17:00,0,0,0,505.8847736625514,0,0,,0,10224883.914648114,304.9109534993772
23:18:00,0,0,0,505.8847736625514,0,0,,0,10224883.914648114,304.9109534993772
23:19:00,0,0,0,505.8847736625514,0,0,,0,10224883.914648114,304.9109534993772
23:20:00,0,0,0,505.8847736625514,0,0,,0,10224883.914648114,304.9109534993772
23:21:00,0,0,0,505.8847736625514,0,0,,0,10224883.914648114,304.9109534993772
23:22:00,0,0,0,505.8847736625514,0,0,,0,10224883.914648114,304.9109534993772
23:23:00,0,0,0,505.8847736625514,0,0,,0,10224883.914648114,304.9109534993772
23:24:00,0,0,0,505.8847736625514,0,0,,0,10224883.914648114,304.9109534993772
23:25:00,0,0,0,505.8847736625514,0,0,,0,10224883.914648114,304.9109534993772
23:26:00,0,0,0,505.8847736625514,0,0,,0,10224883.914648114,304.9109534993772
23:27:00,0,0,0,505.8847736625514,0,0,,0,10224883.914648114,304.9109534993772
23:28:00,0,0,0,505.8847736625514,0,0,,0,10224883.914648114,304.9109534993772
23:29:00,0,0,0,505.8847736625514,0,0,,0,10224883.914648114,304.9109534993772
23:30:00,0,0,0,505.8847736625514,0,0,,0,10224883.914648114,304.9109534993772
23:31:00,0,0,0,505.8847736625514,0,0,,0,10224883.914648114,304.9109534993772
23:32:00,0,0,0,505.8847736625514,0,0,,0,10224883.914648114,304.9109534993772
23:33:00,0,0,0,505.8847736625514,0,0,,0,10224883.914648114,304.9109534993772
23:34:00,0,0,0,505.8847736625514,0,0,,0,10224883.914648114,304.9109534993772
23:35:00,0,0,0,505.8847736625514,0,0,,0,10224883.914648114,304.9109534993772
23:36:00,0,0,0,505.8847736625514,0,0,,0,10224883.914648114,304.9109534993772
23:37:00,0,0,0,505.8847736625514,0,0,,0,10224883.914648114,304.9109534993772
23:38:00,0,0,0,505.8847736625514,0,0,,0,10224883.914648114,304.9109534993772
23:39:00,0,0,0,505.8847736625514,0,0,,0,10224883.914648114,304.9109534993772
23:40:00,0,0,0,505.8847736625514,0,0,,0,10224883.914648114,304.9109534993772
23:41:00,0,0,0,505.8847736625514,0,0,,0,10224883.914648114,304.9109534993772
23:42:00,0,0,0,505.8847736625514,0,0,,0,10224883.914648114,304.9109534993772
23:43:00,0,0,0,505.8847736625514,0,0,,0,10224883.914648114,304.9109534993772
23:44:00,0,0,0,505.8847736625514,0,0,,0,10224883.914648114,304.9109534993772
23:45:00,0,0,0,505.8847736625514,0,0,,0,10224883.914648114,304.9109534993772
23:46:00,0,0,0,505.8847736625514,0,0,,0,10224883.914648114,304.9109534993772
23:47:00,0,0,0,505.8847736625514,0,0,,0,10224883.914648114,304.9109534993772
23:48:00,0,0,0,505.8847736625514,0,0,,0,10224883.914648114,304.9109534993772
23:49:00,0,0,0,505.8847736625514,0,0,,0,10224883.914648114,304.9109534993772
23:50:00,10,0.0,0,505.8847736625514,0,0.11911852293031568,225466096#3_0,0.0,10224883.914648114,304.9109534993772
23:51:00,9,1.2182316590671602,0,505.8714775607574,1,0.19646365422396858,-225470246#1_0,0.0,10224883.914648114,304.9018611793086
23:52:00,9,1.1421416548195986,0,505.8714775607574,0,0.2247191011235955,-225470252#5_0,0.0,10224883.914648114,304.9018611793086
23:53:00,8,1.0759733245317618,0,505.8617604961832,1,0.14684287812041116,:2342415685_4_0,0.0,10225047.157085828,304.89763707913374
23:54:00,7,1.1169384537232998,0,505.8538330798819,1,0.16891891891891891,225470234#3_0,0.0,10225207.925684555,304.8933394663969
23:55:00,6,1.0870174165655007,0,505.84769515176816,1,0.13908205841446453,:2342417427_0_0,0.0,10225570.34130175,304.8950546037853
23:56:00,5,0.9151220703776684,0,505.84334655177554,1,0.16891891891891891,225470234#3_0,0.0,10226024.39715808,304.89950198747965
23:57:00,5,0.8890013996717254,0,505.84334655177554,0,0.20876826722338204,:2342205263_0_0,0.0,10226024.39715808,304.89950198747965
23:58:00,5,0.8936710068680409,0,505.84334655177554,0,0.044385264092321346,180244637#0_0,0.0,10226024.39715808,304.89950198747965
23:59:00,4,0.9243658829638288,0,505.8443649373882,1,0.04221190375685943,372715931#0_0,0.0,10226354.26125538,304.9002463105361
